file,team1,team2,field,value,reason
23sotai_34naka,都高島,都広尾,score1,7,目視確認済み。スコアの数字を隣の山の枝の番号として拾ってしまい、自動では取れない
23sotai_34naka,都高島,都広尾,score2,0,目視確認済み
sinj22_1,中央学院大学中央,深川,notes,不戦勝,目視確認済み。「不戦勝」の縦書きが試合線から離れた位置にある
2026kanto,日大豊山,早稲田実業,score2,0,目視確認済み（2026/9/11）。PDF は「0P3／0P5」。0-0 PK 3-5 で早稲田実業
2026kanto,日大豊山,早稲田実業,pk1,3,目視確認済み
2026kanto,日大豊山,早稲田実業,pk2,5,目視確認済み
2026kanto,駒澤大高,大成,pk1,4,決勝「2−2 4PK2」。駒澤大高が PK 4-2（ゲキサカ https://web.gekisaka.jp/news/youth/detail/?449108-449108-fl= で確認）
2026kanto,駒澤大高,大成,pk2,2,同上
2026kanto,駒澤大高,大成,winner_slot,1,同上。赤線が両側に引かれていて自動では勝者が取れない
