順位,学校,総合点,強さの点数,強さの点数_換算,今季のリーグ,リーグ順位,リーグ_換算,つながり_目安,つながり_換算,武蔵丘が勝つ見込み,免除の根拠
1,帝京,98.7,2651,97.4,プリンス関東1部,8,100.0,-5.0,100.0,0.004,総体二次・プリンス
2,堀越,91.9,2595,91.5,T1,3,91.4,-4.69,93.4,0.005,総体二次・T1
3,実践学園,91.1,2634,95.6,T1,2,93.1,-3.93,77.1,0.004,総体二次・T1
4,成立学園,88.9,2675,100.0,T2,1,77.6,-3.97,78.0,0.003,総体二次・T2
5,國學院久我山,83.1,2485,79.8,T1,5,87.9,-4.26,84.2,0.01,総体二次・T1
6,大成,83.0,2538,85.4,T1,4,89.7,-3.46,67.1,0.007,総体二次・T1
7,国士舘,82.1,2517,83.2,T1,7,84.5,-3.86,75.6,0.008,総体二次・T1
8,駒澤大高,78.9,2530,84.6,T2,6,69.0,-4.03,79.3,0.007,総体二次・T2
9,東海大高輪台,76.8,2475,78.7,T2,2,75.9,-3.76,73.5,0.01,総体二次・T2
10,多摩大目黒,74.1,2373,67.9,T1,6,86.2,-3.66,71.4,0.018,総体二次・T1
11,東京実業,73.0,2451,76.2,T2,3,74.1,-3.29,63.5,0.012,総体二次・T2
12,修徳,69.9,2358,66.3,T2,5,70.7,-3.95,77.6,0.02,総体二次・T2
13,関東第一,68.4,2343,64.7,T2,4,72.4,-3.67,71.6,0.021,総体二次・T2
14,早稲田実業,64.6,2239,53.6,T1,10,79.3,-3.6,70.1,0.038,総体二次・T1
15,日大三,59.2,2279,57.9,T2,7,67.2,-2.68,50.4,0.03,T2
16,日大豊山,57.9,2315,61.7,T3 Aブロック,3,56.9,-2.65,49.8,0.025,総体二次
17,明星学園,50.9,2295,59.6,T4 Aブロック,2,41.4,-2.36,43.6,0.028,総体二次
18,東京朝鮮,50.3,2214,51.0,T3 Bブロック,4,55.2,-2.24,41.0,0.044,総体二次
19,東久留米総合,50.0,2108,39.7,T2,9,63.8,-2.9,55.1,0.077,T2
20,創価,44.6,2128,41.8,T3 Aブロック,6,51.7,-2.25,41.2,0.07,総体二次
21,駿台学園,44.5,2108,39.7,T3 Bブロック,5,53.4,-2.35,43.4,0.077,総体二次
22,国分寺,43.1,2196,49.0,T4 Aブロック,5,36.2,-2.14,38.9,0.048,総体二次
23,東大和南,42.1,2091,37.9,T3 Bブロック,7,50.0,-2.22,40.6,0.085,総体二次
24,狛江,42.1,2092,38.0,T3 Aブロック,7,50.0,-2.21,40.4,0.084,その他
25,東京成徳,37.4,2110,39.9,T4 Aブロック,6,34.5,-1.99,35.7,0.077,総体二次
26,国立,34.0,2136,42.7,T5 Cブロック,3,22.4,-1.7,29.5,0.067,総体二次
27,拓大一,33.8,2119,40.9,T5 Cブロック,1,25.9,-1.63,28.0,0.073,総体二次
28,日大鶴ヶ丘,30.1,2042,32.7,T5 Bブロック,2,24.1,-1.85,32.7,0.109,総体二次
29,本郷,27.6,2081,36.8,T5 Bブロック,6,17.2,-1.27,20.3,0.089,総体二次
30,日野台,22.8,2010,29.3,T5 Bブロック,9,12.1,-1.37,22.4,0.129,総体二次
31,東京農大一,16.1,1996,27.8,地区リーグ（未確認）,,0.0,-0.83,10.9,0.138,総体二次
32,開成,0.0,1735,0.0,地区リーグ（未確認）,,0.0,-0.32,0.0,0.417,総体二次
