この表の下をスワイプしてご覧いただけます。                                                                                                                                                                                                                                                                                                                        ,,,,,,,,,
日付,試合開始時刻,ホームチーム,ホームの得点,-,アウェイの得点,アウェイチーム,試合会場,,
03/29,9:00,富士森B,0,-,2,日野,富士森高校,,
04/04,9:00,松が谷B,4,-,0,富士森B,松が谷,,所属チーム
04/18,9:00,松が谷B,2,-,1,府中東セカンド,都立松が谷高校,,府中東セカンド
05/06,9:00,富士森B,0,-,1,明星,富士森高校,,富士森B
05/06,14:30,日野,6,-,0,立川国際,日野高校,,アローレ八王子U-18B
05/09,9:00,松が谷B,4,-,1,立川国際,都立松が谷高校,,日野
05/04,8:20,アローレ八王子U-18B,1,-,0,日野,戸吹スポーツ公園,,神代
05/05,15:10,アローレ八王子U-18B,3,-,0,府中東セカンド,文化杉並学園八王子グラウンド,,明星
05/30,9:00,松が谷B,1,-,2,日野,都立松が谷高校,,松が谷B
05/31,14:00,富士森B,1,-,4,アローレ八王子U-18B,富士森高校,,立川国際
06/06,14:00,神代,1,-,1,富士森B,神代高校,,
06/06,10:30,府中東セカンド,4,-,1,日野,府中東,,
06/13,9:00,松が谷B,0,-,1,神代,都立松が谷高校,,ここを変更するとチーム名がすべて変更されます。
04/12,9:30,神代,3,-,1,日野,神代高校,,
06/28,16:20,アローレ八王子U-18B,1,-,1,明星,文化杉並学園八王子グラウンド,,
,,,,-,,,,,
,,,,-,,,,,
,,,,-,,,,,
,,,,-,,,,,
,,,,-,,,,,
,,,,-,,,,,
,,,,-,,,,,
,,,,-,,,,,
,,,,-,,,,,
,,,,-,,,,,
,,,,-,,,,,
,,,,-,,,,,
,,,,-,,,,,
,,,,-,,,,,
,,,,-,,,,,
,,,,-,,,,,
,,,,-,,,,,
,,,,-,,,,,
,,,,-,,,,,
,,,,-,,,,,
,,,,-,,,,,
,,,,-,,,,,
,,,,-,,,,,
,,,,-,,,,,
,,,,-,,,,,
,,,,-,,,,,
,,,,-,,,,,
,,,,-,,,,,
,,,,-,,,,,
,,,,-,,,,,
,,,,-,,,,,
,,,,-,,,,,
,,,,-,,,,,
,,,,-,,,,,
,,,,-,,,,,
,,,,-,,,,,
,,,,-,,,,,
,,,,-,,,,,
,,,,-,,,,,
,,,,-,,,,,
,,,,-,,,,,
,,,,-,,,,,
,,,,-,,,,,
,,,,-,,,,,
,,,,-,,,,,
,,,,-,,,,,
,,,,-,,,,,
,,,,-,,,,,
,,,,-,,,,,
,,,,-,,,,,
,,,,-,,,,,
,,,,-,,,,,
,,,,-,,,,,
,,,,-,,,,,
,,,,-,,,,,
,,,,-,,,,,
,,,,-,,,,,
,,,,-,,,,,
,,,,-,,,,,
,,,,-,,,,,
,,,,-,,,,,
,,,,-,,,,,
,,,,-,,,,,
,,,,-,,,,,
,,,,-,,,,,
,,,,-,,,,,
,,,,-,,,,,
,,,,-,,,,,
,,,,-,,,,,
,,,,-,,,,,
,,,,-,,,,,
,,,,-,,,,,
,,,,-,,,,,
,,,,-,,,,,
,,,,-,,,,,
,,,,-,,,,,
,,,,-,,,,,
,,,,-,,,,,
,,,,-,,,,,
,,,,-,,,,,
,,,,-,,,,,
,,,,-,,,,,
,,,,-,,,,,
,,,,-,,,,,