地区,リーグ,年度,部,順位,チーム,学校,区分,勝点,試合,勝,分,敗,得点,失点,得失点,出典
第1地区,リバーサイドユースリーグ,2026,1部,1,都立紅葉川高校,紅葉川,A,18,6,6,0,0,21,3,18,https://riverside-league.com/schedule_division1.html（試合から計算）
第1地区,リバーサイドユースリーグ,2026,1部,2,修徳高校Ｃ,修徳,C,15,6,5,0,1,27,6,21,https://riverside-league.com/schedule_division1.html（試合から計算）
第1地区,リバーサイドユースリーグ,2026,1部,3,かえつ有明高等学校Ｂ,かえつ有明,B,13,6,4,1,1,14,11,3,https://riverside-league.com/schedule_division1.html（試合から計算）
第1地区,リバーサイドユースリーグ,2026,1部,4,都立深川高等学校,深川,A,10,6,3,1,2,14,9,5,https://riverside-league.com/schedule_division1.html（試合から計算）
第1地区,リバーサイドユースリーグ,2026,1部,5,東京２３ＦＣ　Ｕ－１８,東京23FCU-18,A,8,6,2,2,2,8,11,-3,https://riverside-league.com/schedule_division1.html（試合から計算）
第1地区,リバーサイドユースリーグ,2026,1部,6,開成,開成,A,6,6,2,0,4,15,12,3,https://riverside-league.com/schedule_division1.html（試合から計算）
第1地区,リバーサイドユースリーグ,2026,1部,7,都立小松川高校,小松川,A,6,6,2,0,4,8,9,-1,https://riverside-league.com/schedule_division1.html（試合から計算）
第1地区,リバーサイドユースリーグ,2026,1部,8,墨田川高校,墨田川,A,6,6,2,0,4,8,15,-7,https://riverside-league.com/schedule_division1.html（試合から計算）
第1地区,リバーサイドユースリーグ,2026,1部,9,都立江戸川高等学校,江戸川,A,4,6,1,1,4,10,35,-25,https://riverside-league.com/schedule_division1.html（試合から計算）
第1地区,リバーサイドユースリーグ,2026,1部,10,城東Ｂ,城東,B,1,6,0,1,5,4,18,-14,https://riverside-league.com/schedule_division1.html（試合から計算）
第1地区,リバーサイドユースリーグ,2026,2部A,1,修徳高校Ｄ,修徳,D,12,5,4,0,1,17,7,10,https://riverside-league.com/schedule_division2_group_a.html（試合から計算）
第1地区,リバーサイドユースリーグ,2026,2部A,2,都立葛飾商業高校,葛飾商業,A,12,5,4,0,1,13,4,9,https://riverside-league.com/schedule_division2_group_a.html（試合から計算）
第1地区,リバーサイドユースリーグ,2026,2部A,3,かえつ有明高等学校Ｃ,かえつ有明,C,12,6,4,0,2,12,6,6,https://riverside-league.com/schedule_division2_group_a.html（試合から計算）
第1地区,リバーサイドユースリーグ,2026,2部A,4,日本橋高校,日本橋,A,10,5,3,1,1,10,7,3,https://riverside-league.com/schedule_division2_group_a.html（試合から計算）
第1地区,リバーサイドユースリーグ,2026,2部A,5,日本大学第一高等学校,日大一,A,9,5,3,0,2,14,12,2,https://riverside-league.com/schedule_division2_group_a.html（試合から計算）
第1地区,リバーサイドユースリーグ,2026,2部A,6,都立両国高等学校,両国,A,7,6,2,1,3,13,12,1,https://riverside-league.com/schedule_division2_group_a.html（試合から計算）
第1地区,リバーサイドユースリーグ,2026,2部A,7,南葛飾高校Ｃ,南葛飾,C,7,6,2,1,3,5,11,-6,https://riverside-league.com/schedule_division2_group_a.html（試合から計算）
第1地区,リバーサイドユースリーグ,2026,2部A,8,都立竹台高等学校,竹台,A,4,5,1,1,3,6,17,-11,https://riverside-league.com/schedule_division2_group_a.html（試合から計算）
第1地区,リバーサイドユースリーグ,2026,2部A,9,都立篠崎高等学校,篠崎,A,3,5,1,0,4,4,9,-5,https://riverside-league.com/schedule_division2_group_a.html（試合から計算）
第1地区,リバーサイドユースリーグ,2026,2部A,10,安田学園,安田学園,A,2,6,0,2,4,6,15,-9,https://riverside-league.com/schedule_division2_group_a.html（試合から計算）
第1地区,リバーサイドユースリーグ,2026,2部B,1,南葛飾高校B,南葛飾,B,19,7,6,1,0,19,4,15,https://www.riverside-league.com/schedule_division2_group_b.html（試合から計算）
第1地区,リバーサイドユースリーグ,2026,2部B,2,修徳高校Ｅ,修徳,E,13,5,4,1,0,32,3,29,https://www.riverside-league.com/schedule_division2_group_b.html（試合から計算）
第1地区,リバーサイドユースリーグ,2026,2部B,3,都立葛飾野高校B,葛飾野,B,12,7,4,0,3,13,11,2,https://www.riverside-league.com/schedule_division2_group_b.html（試合から計算）
第1地区,リバーサイドユースリーグ,2026,2部B,4,安田学園Ｂ,安田学園,B,10,5,3,1,1,15,6,9,https://www.riverside-league.com/schedule_division2_group_b.html（試合から計算）
第1地区,リバーサイドユースリーグ,2026,2部B,5,都立深川高等学校Ｂ,深川,B,9,6,2,3,1,14,12,2,https://www.riverside-league.com/schedule_division2_group_b.html（試合から計算）
第1地区,リバーサイドユースリーグ,2026,2部B,6,都立東高等学校Ｂ,東,B,7,6,2,1,3,12,14,-2,https://www.riverside-league.com/schedule_division2_group_b.html（試合から計算）
第1地区,リバーサイドユースリーグ,2026,2部B,7,共栄学園,共栄学園,A,5,6,1,2,3,6,10,-4,https://www.riverside-league.com/schedule_division2_group_b.html（試合から計算）
第1地区,リバーサイドユースリーグ,2026,2部B,8,開成Ｂ,開成,B,4,6,1,1,4,5,19,-14,https://www.riverside-league.com/schedule_division2_group_b.html（試合から計算）
第1地区,リバーサイドユースリーグ,2026,2部B,9,都立紅葉川高校Ｂ,紅葉川,B,4,6,1,1,4,5,24,-19,https://www.riverside-league.com/schedule_division2_group_b.html（試合から計算）
第1地区,リバーサイドユースリーグ,2026,2部B,10,墨田工科高校,墨田工科,A,1,6,0,1,5,4,22,-18,https://www.riverside-league.com/schedule_division2_group_b.html（試合から計算）
第2地区,DUOリーグ,2026,グループA,1,淑徳巣鴨A,淑徳巣鴨,A,21,7,7,0,0,34,3,31,https://www.goalnote.net/detail-standings.php?tid=18409
第2地区,DUOリーグ,2026,グループA,2,駒込A,駒込,A,16,6,5,1,0,22,2,20,https://www.goalnote.net/detail-standings.php?tid=18409
第2地区,DUOリーグ,2026,グループA,3,都立文京A,文京,A,12,6,4,0,2,20,13,7,https://www.goalnote.net/detail-standings.php?tid=18409
第2地区,DUOリーグ,2026,グループA,4,立教池袋,立教池袋,A,9,7,3,0,4,14,13,1,https://www.goalnote.net/detail-standings.php?tid=18409
第2地区,DUOリーグ,2026,グループA,5,豊島学院A,豊島学院,A,9,7,3,0,4,14,24,-10,https://www.goalnote.net/detail-standings.php?tid=18409
第2地区,DUOリーグ,2026,グループA,6,足立学園,足立学園,A,7,7,2,1,4,6,18,-12,https://www.goalnote.net/detail-standings.php?tid=18409
第2地区,DUOリーグ,2026,グループA,7,都立豊島B,豊島,B,6,6,1,3,2,9,10,-1,https://www.goalnote.net/detail-standings.php?tid=18409
第2地区,DUOリーグ,2026,グループA,8,日大豊山C,日大豊山,C,6,6,2,0,4,7,11,-4,https://www.goalnote.net/detail-standings.php?tid=18409
第2地区,DUOリーグ,2026,グループA,9,郁文館,郁文館,A,5,6,1,2,3,9,23,-14,https://www.goalnote.net/detail-standings.php?tid=18409
第2地区,DUOリーグ,2026,グループA,10,豊南A,豊南,A,1,6,0,1,5,8,26,-18,https://www.goalnote.net/detail-standings.php?tid=18409
第2地区,DUOリーグ,2026,グループB,1,昭和第一A,昭和第一,A,12,6,4,0,2,13,8,5,https://www.goalnote.net/detail-standings.php?tid=18409
第2地区,DUOリーグ,2026,グループB,2,都立足立,足立,A,12,5,4,0,1,8,6,2,https://www.goalnote.net/detail-standings.php?tid=18409
第2地区,DUOリーグ,2026,グループB,3,筑波大附属,筑波大学附属,A,10,5,3,1,1,13,4,9,https://www.goalnote.net/detail-standings.php?tid=18409
第2地区,DUOリーグ,2026,グループB,4,駒込B,駒込,B,10,4,3,1,0,8,5,3,https://www.goalnote.net/detail-standings.php?tid=18409
第2地区,DUOリーグ,2026,グループB,5,巣鴨,巣鴨,A,4,3,1,1,1,4,5,-1,https://www.goalnote.net/detail-standings.php?tid=18409
第2地区,DUOリーグ,2026,グループB,6,都立小石川,小石川,A,4,5,1,1,3,7,10,-3,https://www.goalnote.net/detail-standings.php?tid=18409
第2地区,DUOリーグ,2026,グループB,7,京華A,京華,A,1,4,0,1,3,3,8,-5,https://www.goalnote.net/detail-standings.php?tid=18409
第2地区,DUOリーグ,2026,グループB,8,都立足立西,足立西,A,1,6,0,1,5,5,15,-10,https://www.goalnote.net/detail-standings.php?tid=18409
第2地区,DUOリーグ,2026,グループC,1,城西A,城西,A,16,7,5,1,1,20,9,11,https://www.goalnote.net/detail-standings.php?tid=18409
第2地区,DUOリーグ,2026,グループC,2,都立足立新田,足立新田,A,11,5,3,2,0,17,7,10,https://www.goalnote.net/detail-standings.php?tid=18409
第2地区,DUOリーグ,2026,グループC,3,淑徳巣鴨B,淑徳巣鴨,B,9,4,3,0,1,11,4,7,https://www.goalnote.net/detail-standings.php?tid=18409
第2地区,DUOリーグ,2026,グループC,4,都立江北,江北,A,4,4,1,1,2,7,10,-3,https://www.goalnote.net/detail-standings.php?tid=18409
第2地区,DUOリーグ,2026,グループC,5,中央大学高校,中央大学高,A,1,2,0,1,1,3,4,-1,https://www.goalnote.net/detail-standings.php?tid=18409
第2地区,DUOリーグ,2026,グループC,6,都立竹早,竹早,A,1,3,0,1,2,1,7,-6,https://www.goalnote.net/detail-standings.php?tid=18409
第2地区,DUOリーグ,2026,グループC,7,東洋大京北,東洋大京北,A,1,4,0,1,3,5,14,-9,https://www.goalnote.net/detail-standings.php?tid=18409
第2地区,DUOリーグ,2026,グループC,8,豊島学院B,豊島学院,B,1,3,0,1,2,2,11,-9,https://www.goalnote.net/detail-standings.php?tid=18409
第2地区,DUOリーグ,2026,グループD,1,都立淵江,淵江,A,7,3,2,1,0,11,2,9,https://www.goalnote.net/detail-standings.php?tid=18409
第2地区,DUOリーグ,2026,グループD,2,京華商業,京華商業,A,4,3,1,1,1,2,2,0,https://www.goalnote.net/detail-standings.php?tid=18409
第2地区,DUOリーグ,2026,グループD,3,豊南B,豊南,B,3,2,1,0,1,1,7,-6,https://www.goalnote.net/detail-standings.php?tid=18409
第2地区,DUOリーグ,2026,グループD,4,FC西巣鴨03,FC西巣鴨03,A,0,1,0,0,1,1,2,-1,https://www.goalnote.net/detail-standings.php?tid=18409
第2地区,DUOリーグ,2026,グループD,5,足立東・貞静学園,足立東・貞静学園,A,0,1,0,0,1,2,4,-2,https://www.goalnote.net/detail-standings.php?tid=18409
第2地区,DUOリーグ,2026,グループE,1,獨協,獨協,A,6,3,2,0,1,15,11,4,https://www.goalnote.net/detail-standings.php?tid=18409
第2地区,DUOリーグ,2026,グループE,2,城西B,城西,B,6,2,2,0,0,6,3,3,https://www.goalnote.net/detail-standings.php?tid=18409
第2地区,DUOリーグ,2026,グループE,3,都立向丘,向丘,A,4,2,1,1,0,8,3,5,https://www.goalnote.net/detail-standings.php?tid=18409
第2地区,DUOリーグ,2026,グループE,4,昭和第一B,昭和第一,B,4,4,1,1,2,8,10,-2,https://www.goalnote.net/detail-standings.php?tid=18409
第2地区,DUOリーグ,2026,グループE,5,京華C,京華,C,0,1,0,0,1,1,5,-4,https://www.goalnote.net/detail-standings.php?tid=18409
第2地区,DUOリーグ,2026,グループE,6,京華B,京華,B,0,2,0,0,2,5,11,-6,https://www.goalnote.net/detail-standings.php?tid=18409
第3地区,第3地区ユースリーグ,2026,1部,1,目白研心B,目白研心,B,19,7,6,1,0,17,6,11,https://ws.eniblo.com/YZezPNf8HYgIbzABs3/ranks.html
第3地区,第3地区ユースリーグ,2026,1部,2,成城,成城,A,19,7,6,1,0,10,3,7,https://ws.eniblo.com/YZezPNf8HYgIbzABs3/ranks.html
第3地区,第3地区ユースリーグ,2026,1部,3,駿台学園C,駿台学園,C,18,7,6,0,1,15,5,10,https://ws.eniblo.com/YZezPNf8HYgIbzABs3/ranks.html
第3地区,第3地区ユースリーグ,2026,1部,4,岩倉A,岩倉,A,15,6,5,0,1,35,4,31,https://ws.eniblo.com/YZezPNf8HYgIbzABs3/ranks.html
第3地区,第3地区ユースリーグ,2026,1部,5,トリプレッタB,トリプレッタ,B,6,6,2,0,4,6,13,-7,https://ws.eniblo.com/YZezPNf8HYgIbzABs3/ranks.html
第3地区,第3地区ユースリーグ,2026,1部,6,保善B,保善,B,5,6,1,2,3,8,10,-2,https://ws.eniblo.com/YZezPNf8HYgIbzABs3/ranks.html
第3地区,第3地区ユースリーグ,2026,1部,7,都立戸山,戸山,A,4,6,1,1,4,5,12,-7,https://ws.eniblo.com/YZezPNf8HYgIbzABs3/ranks.html
第3地区,第3地区ユースリーグ,2026,1部,8,都立高島,高島,A,3,6,1,0,5,8,16,-8,https://ws.eniblo.com/YZezPNf8HYgIbzABs3/ranks.html
第3地区,第3地区ユースリーグ,2026,1部,9,東京成徳B,東京成徳大高,B,3,7,1,0,6,4,22,-18,https://ws.eniblo.com/YZezPNf8HYgIbzABs3/ranks.html
第3地区,第3地区ユースリーグ,2026,1部,10,都立北園,北園,A,1,6,0,1,5,9,26,-17,https://ws.eniblo.com/YZezPNf8HYgIbzABs3/ranks.html
第3地区,第3地区ユースリーグ,2026,2部A,1,淑徳A,淑徳,A,10,4,3,1,0,10,3,7,https://ws.eniblo.com/6TRkWT3l4eqWypXPEz/ranks.html
第3地区,第3地区ユースリーグ,2026,2部A,2,目白研心D,目白研心,D,9,3,3,0,0,11,2,9,https://ws.eniblo.com/6TRkWT3l4eqWypXPEz/ranks.html
第3地区,第3地区ユースリーグ,2026,2部A,3,青山学院A,青山学院,A,7,4,2,1,1,13,6,7,https://ws.eniblo.com/6TRkWT3l4eqWypXPEz/ranks.html
第3地区,第3地区ユースリーグ,2026,2部A,4,國学院,国学院,A,7,4,2,1,1,6,4,2,https://ws.eniblo.com/6TRkWT3l4eqWypXPEz/ranks.html
第3地区,第3地区ユースリーグ,2026,2部A,5,早稲田,早稲田,A,4,6,1,1,4,8,18,-10,https://ws.eniblo.com/6TRkWT3l4eqWypXPEz/ranks.html
第3地区,第3地区ユースリーグ,2026,2部A,6,東京朝鮮B,東京朝鮮,B,3,4,1,0,3,7,9,-2,https://ws.eniblo.com/6TRkWT3l4eqWypXPEz/ranks.html
第3地区,第3地区ユースリーグ,2026,2部A,7,大東文化B,大東文化,B,0,3,0,0,3,3,16,-13,https://ws.eniblo.com/6TRkWT3l4eqWypXPEz/ranks.html
第3地区,第3地区ユースリーグ,2026,2部B,1,クリアソン新宿A,クリアソン新宿,A,13,5,4,1,0,17,5,12,https://ws.eniblo.com/WNlqrd5NRPqtv9vxKw/ranks.html
第3地区,第3地区ユースリーグ,2026,2部B,2,目白研心C,目白研心,C,5,3,1,2,0,6,3,3,https://ws.eniblo.com/WNlqrd5NRPqtv9vxKw/ranks.html
第3地区,第3地区ユースリーグ,2026,2部B,3,海城A,海城,A,5,4,1,2,1,6,4,2,https://ws.eniblo.com/WNlqrd5NRPqtv9vxKw/ranks.html
第3地区,第3地区ユースリーグ,2026,2部B,4,東京成徳C,東京成徳大高,C,1,2,0,1,1,2,9,-7,https://ws.eniblo.com/WNlqrd5NRPqtv9vxKw/ranks.html
第3地区,第3地区ユースリーグ,2026,2部B,5,都立大山,大山,A,0,0,0,0,0,0,0,0,https://ws.eniblo.com/WNlqrd5NRPqtv9vxKw/ranks.html
第3地区,第3地区ユースリーグ,2026,2部B,6,都立青山,青山,A,0,2,0,0,2,0,4,-4,https://ws.eniblo.com/WNlqrd5NRPqtv9vxKw/ranks.html
第3地区,第3地区ユースリーグ,2026,2部B,7,RIO A,RIO,A,0,2,0,0,2,1,7,-6,https://ws.eniblo.com/WNlqrd5NRPqtv9vxKw/ranks.html
第3地区,第3地区ユースリーグ,2026,3部A,0,渋谷教育学園渋谷,渋谷教育学園渋谷,A,0,0,0,0,0,0,0,0,https://ws.eniblo.com/vXwlUaacWCy9NaZ3D2/ranks.html
第3地区,第3地区ユースリーグ,2026,3部A,0,クラーク国際,クラーク国際,A,0,0,0,0,0,0,0,0,https://ws.eniblo.com/vXwlUaacWCy9NaZ3D2/ranks.html
第3地区,第3地区ユースリーグ,2026,3部A,0,成城B,成城,B,0,0,0,0,0,0,0,0,https://ws.eniblo.com/vXwlUaacWCy9NaZ3D2/ranks.html
第3地区,第3地区ユースリーグ,2026,3部A,0,都立広尾,広尾,A,0,0,0,0,0,0,0,0,https://ws.eniblo.com/vXwlUaacWCy9NaZ3D2/ranks.html
第3地区,第3地区ユースリーグ,2026,3部A,0,大智学園,大智学園,A,0,0,0,0,0,0,0,0,https://ws.eniblo.com/vXwlUaacWCy9NaZ3D2/ranks.html
第3地区,第3地区ユースリーグ,2026,3部A,0,保善C,保善,C,0,0,0,0,0,0,0,0,https://ws.eniblo.com/vXwlUaacWCy9NaZ3D2/ranks.html
第3地区,第3地区ユースリーグ,2026,3部B,1,城北B,城北,B,13,5,4,1,0,24,3,21,https://ws.eniblo.com/6LfQ0YtO939PdhyS1P/ranks.html
第3地区,第3地区ユースリーグ,2026,3部B,2,岩倉C,岩倉,C,10,4,3,1,0,21,4,17,https://ws.eniblo.com/6LfQ0YtO939PdhyS1P/ranks.html
第3地区,第3地区ユースリーグ,2026,3部B,3,クリアソン新宿B,クリアソン新宿,B,3,2,1,0,1,5,4,1,https://ws.eniblo.com/6LfQ0YtO939PdhyS1P/ranks.html
第3地区,第3地区ユースリーグ,2026,3部B,4,海城B,海城,B,3,3,1,0,2,3,10,-7,https://ws.eniblo.com/6LfQ0YtO939PdhyS1P/ranks.html
第3地区,第3地区ユースリーグ,2026,3部B,5,都立板橋,板橋,A,0,2,0,0,2,1,11,-10,https://ws.eniblo.com/6LfQ0YtO939PdhyS1P/ranks.html
第3地区,第3地区ユースリーグ,2026,3部B,6,淑徳C,淑徳,C,0,4,0,0,4,3,25,-22,https://ws.eniblo.com/6LfQ0YtO939PdhyS1P/ranks.html
第3地区,第3地区ユースリーグ,2026,3部C,1,岩倉D,岩倉,D,12,5,4,0,1,24,5,19,https://ws.eniblo.com/4wp4WRHRPP2JDy9i58/ranks.html
第3地区,第3地区ユースリーグ,2026,3部C,2,都立新宿,新宿,A,10,4,3,1,0,13,3,10,https://ws.eniblo.com/4wp4WRHRPP2JDy9i58/ranks.html
第3地区,第3地区ユースリーグ,2026,3部C,3,都立第一商業,第一商業,A,4,4,1,1,2,5,6,-1,https://ws.eniblo.com/4wp4WRHRPP2JDy9i58/ranks.html
第3地区,第3地区ユースリーグ,2026,3部C,4,都立上野,上野,A,4,3,1,1,1,5,10,-5,https://ws.eniblo.com/4wp4WRHRPP2JDy9i58/ranks.html
第3地区,第3地区ユースリーグ,2026,3部C,5,淑徳B,淑徳,B,4,4,1,1,2,2,11,-9,https://ws.eniblo.com/4wp4WRHRPP2JDy9i58/ranks.html
第3地区,第3地区ユースリーグ,2026,3部C,6,成城C,成城,C,0,4,0,0,4,1,15,-14,https://ws.eniblo.com/4wp4WRHRPP2JDy9i58/ranks.html
第3地区,第3地区ユースリーグ,2026,3部D,1,岩倉B,岩倉,B,9,3,3,0,0,27,1,26,https://ws.eniblo.com/79SqSF8lncWz80vpmO/ranks.html
第3地区,第3地区ユースリーグ,2026,3部D,2,武蔵野,武蔵野,A,3,2,1,0,1,7,7,0,https://ws.eniblo.com/79SqSF8lncWz80vpmO/ranks.html
第3地区,第3地区ユースリーグ,2026,3部D,3,青山学院B,青山学院,B,3,2,1,0,1,1,4,-3,https://ws.eniblo.com/79SqSF8lncWz80vpmO/ranks.html
第3地区,第3地区ユースリーグ,2026,3部D,4,RIO B,RIO,B,0,0,0,0,0,0,0,0,https://ws.eniblo.com/79SqSF8lncWz80vpmO/ranks.html
第3地区,第3地区ユースリーグ,2026,3部D,5,城北C,城北,C,0,2,0,0,2,0,7,-7,https://ws.eniblo.com/79SqSF8lncWz80vpmO/ranks.html
第3地区,第3地区ユースリーグ,2026,3部D,6,都立板橋有徳,板橋有徳,A,0,1,0,0,1,0,16,-16,https://ws.eniblo.com/79SqSF8lncWz80vpmO/ranks.html
第4地区,4地区ユースリーグ,2026,1部,1,日体大荏原B,日体大荏原,B,18,7,6,0,1,19,5,14,https://www.kawakitanet.com/league_soccer/main.php?pref_cd=8&gameid=9761
第4地区,4地区ユースリーグ,2026,1部,2,東京実業C,東京実業,C,16,7,5,1,1,16,10,6,https://www.kawakitanet.com/league_soccer/main.php?pref_cd=8&gameid=9761
第4地区,4地区ユースリーグ,2026,1部,3,都立小山台A,小山台,A,16,7,5,1,1,16,11,5,https://www.kawakitanet.com/league_soccer/main.php?pref_cd=8&gameid=9761
第4地区,4地区ユースリーグ,2026,1部,4,大森学園C,大森学園,C,12,7,4,0,3,13,7,6,https://www.kawakitanet.com/league_soccer/main.php?pref_cd=8&gameid=9761
第4地区,4地区ユースリーグ,2026,1部,5,東海大高輪台D,東海大高輪台,D,7,6,2,1,3,12,14,-2,https://www.kawakitanet.com/league_soccer/main.php?pref_cd=8&gameid=9761
第4地区,4地区ユースリーグ,2026,1部,6,東京B,東京,B,6,6,2,0,4,11,9,2,https://www.kawakitanet.com/league_soccer/main.php?pref_cd=8&gameid=9761
第4地区,4地区ユースリーグ,2026,1部,7,都立雪谷,雪谷,A,6,6,2,0,4,6,17,-11,https://www.kawakitanet.com/league_soccer/main.php?pref_cd=8&gameid=9761
第4地区,4地区ユースリーグ,2026,1部,8,立正大立正,立正大立正,A,5,6,1,2,3,17,17,0,https://www.kawakitanet.com/league_soccer/main.php?pref_cd=8&gameid=9761
第4地区,4地区ユースリーグ,2026,1部,9,正則学園A,正則学園,A,5,7,1,2,4,13,17,-4,https://www.kawakitanet.com/league_soccer/main.php?pref_cd=8&gameid=9761
第4地区,4地区ユースリーグ,2026,1部,10,芝A,芝A,A,4,7,1,1,5,5,21,-16,https://www.kawakitanet.com/league_soccer/main.php?pref_cd=8&gameid=9761
第4地区,4地区ユースリーグ,2026,2部,1,東京実業D,東京実業,D,9,3,3,0,0,10,2,8,https://www.kawakitanet.com/league_soccer/main.php?pref_cd=8&gameid=9762
第4地区,4地区ユースリーグ,2026,2部,2,明治学院A,明治学院,A,8,4,2,2,0,10,4,6,https://www.kawakitanet.com/league_soccer/main.php?pref_cd=8&gameid=9762
第4地区,4地区ユースリーグ,2026,2部,3,都立日比谷,日比谷,A,7,3,2,1,0,5,3,2,https://www.kawakitanet.com/league_soccer/main.php?pref_cd=8&gameid=9762
第4地区,4地区ユースリーグ,2026,2部,4,東京C,東京,C,6,3,2,0,1,4,2,2,https://www.kawakitanet.com/league_soccer/main.php?pref_cd=8&gameid=9762
第4地区,4地区ユースリーグ,2026,2部,5,日体大荏原C,日体大荏原,C,6,3,2,0,1,4,3,1,https://www.kawakitanet.com/league_soccer/main.php?pref_cd=8&gameid=9762
第4地区,4地区ユースリーグ,2026,2部,6,大森学園D,大森学園,D,5,4,1,2,1,7,3,4,https://www.kawakitanet.com/league_soccer/main.php?pref_cd=8&gameid=9762
第4地区,4地区ユースリーグ,2026,2部,7,高輪,高輪,A,3,4,1,0,3,3,5,-2,https://www.kawakitanet.com/league_soccer/main.php?pref_cd=8&gameid=9762
第4地区,4地区ユースリーグ,2026,2部,8,都立美原A,美原,A,3,4,1,0,3,7,11,-4,https://www.kawakitanet.com/league_soccer/main.php?pref_cd=8&gameid=9762
第4地区,4地区ユースリーグ,2026,2部,9,朋優学院,朋優学院,A,3,4,1,0,3,6,14,-8,https://www.kawakitanet.com/league_soccer/main.php?pref_cd=8&gameid=9762
第4地区,4地区ユースリーグ,2026,2部,10,都立つばさ総合,つばさ総合,A,1,4,0,1,3,3,12,-9,https://www.kawakitanet.com/league_soccer/main.php?pref_cd=8&gameid=9762
第4地区,4地区ユースリーグ,2026,3部A,1,攻玉社B,攻玉社,B,13,5,4,1,0,19,5,14,https://www.kawakitanet.com/league_soccer/main.php?pref_cd=8&gameid=9763
第4地区,4地区ユースリーグ,2026,3部A,2,品川翔英,品川翔英,A,10,4,3,1,0,18,6,12,https://www.kawakitanet.com/league_soccer/main.php?pref_cd=8&gameid=9763
第4地区,4地区ユースリーグ,2026,3部A,3,大森学園E,大森学園,E,9,4,3,0,1,9,13,-4,https://www.kawakitanet.com/league_soccer/main.php?pref_cd=8&gameid=9763
第4地区,4地区ユースリーグ,2026,3部A,4,二松学舎,二松学舎大附,A,7,4,2,1,1,7,4,3,https://www.kawakitanet.com/league_soccer/main.php?pref_cd=8&gameid=9763
第4地区,4地区ユースリーグ,2026,3部A,5,正則学園B,正則学園,B,6,4,2,0,2,22,5,17,https://www.kawakitanet.com/league_soccer/main.php?pref_cd=8&gameid=9763
第4地区,4地区ユースリーグ,2026,3部A,6,暁星B,暁星,B,6,3,2,0,1,6,5,1,https://www.kawakitanet.com/league_soccer/main.php?pref_cd=8&gameid=9763
第4地区,4地区ユースリーグ,2026,3部A,7,明治学院B,明治学院,B,6,4,2,0,2,6,7,-1,https://www.kawakitanet.com/league_soccer/main.php?pref_cd=8&gameid=9763
第4地区,4地区ユースリーグ,2026,3部A,8,東京実業E,東京実業,E,5,4,1,2,1,9,7,2,https://www.kawakitanet.com/league_soccer/main.php?pref_cd=8&gameid=9763
第4地区,4地区ユースリーグ,2026,3部A,9,芝B,芝B,A,4,4,1,1,2,6,12,-6,https://www.kawakitanet.com/league_soccer/main.php?pref_cd=8&gameid=9763
第4地区,4地区ユースリーグ,2026,3部A,10,錦城学園,錦城学園,A,0,5,0,0,5,6,23,-17,https://www.kawakitanet.com/league_soccer/main.php?pref_cd=8&gameid=9763
第4地区,4地区ユースリーグ,2026,3部A,11,文教大付属,文教大付,A,0,5,0,0,5,0,21,-21,https://www.kawakitanet.com/league_soccer/main.php?pref_cd=8&gameid=9763
第4地区,4地区ユースリーグ,2026,3部B,1,正則,正則,A,11,5,3,2,0,21,4,17,https://www.kawakitanet.com/league_soccer/main.php?pref_cd=8&gameid=9764
第4地区,4地区ユースリーグ,2026,3部B,2,東京D,東京,D,10,4,3,1,0,24,2,22,https://www.kawakitanet.com/league_soccer/main.php?pref_cd=8&gameid=9764
第4地区,4地区ユースリーグ,2026,3部B,3,麻布,麻布,A,10,5,3,1,1,22,2,20,https://www.kawakitanet.com/league_soccer/main.php?pref_cd=8&gameid=9764
第4地区,4地区ユースリーグ,2026,3部B,4,羽田国際,羽田国際,A,10,4,3,1,0,11,1,10,https://www.kawakitanet.com/league_soccer/main.php?pref_cd=8&gameid=9764
第4地区,4地区ユースリーグ,2026,3部B,5,日体大荏原D,日体大荏原,D,9,4,3,0,1,10,3,7,https://www.kawakitanet.com/league_soccer/main.php?pref_cd=8&gameid=9764
第4地区,4地区ユースリーグ,2026,3部B,6,青稜B,青稜,B,7,4,2,1,1,8,4,4,https://www.kawakitanet.com/league_soccer/main.php?pref_cd=8&gameid=9764
第4地区,4地区ユースリーグ,2026,3部B,7,九段中等教育,九段中等教育,A,4,4,1,1,2,12,4,8,https://www.kawakitanet.com/league_soccer/main.php?pref_cd=8&gameid=9764
第4地区,4地区ユースリーグ,2026,3部B,8,広尾学園,広尾学園,A,3,5,0,3,2,5,7,-2,https://www.kawakitanet.com/league_soccer/main.php?pref_cd=8&gameid=9764
第4地区,4地区ユースリーグ,2026,3部B,9,東洋,東洋,A,3,4,1,0,3,2,14,-12,https://www.kawakitanet.com/league_soccer/main.php?pref_cd=8&gameid=9764
第4地区,4地区ユースリーグ,2026,3部B,10,都立美原B,美原,B,0,5,0,0,5,1,29,-28,https://www.kawakitanet.com/league_soccer/main.php?pref_cd=8&gameid=9764
第4地区,4地区ユースリーグ,2026,3部B,11,芝国際,芝国際,A,0,4,0,0,4,0,46,-46,https://www.kawakitanet.com/league_soccer/main.php?pref_cd=8&gameid=9764
第5地区,NSリーグ,2026,1部,1,専修大学附属高等学校A,専修大附,A,19,7,6,1,0,26,7,19,https://www.goalnote.net/detail-standings.php?tid=18597
第5地区,NSリーグ,2026,1部,2,都立鷺宮高等学校A,鷺宮,A,16,7,5,1,1,17,4,13,https://www.goalnote.net/detail-standings.php?tid=18597
第5地区,NSリーグ,2026,1部,3,日本大学第二高等学校A,日大二,A,15,6,5,0,1,13,6,7,https://www.goalnote.net/detail-standings.php?tid=18597
第5地区,NSリーグ,2026,1部,4,日本大学鶴ヶ丘高等学校B,日大鶴ヶ丘,B,12,6,4,0,2,16,9,7,https://www.goalnote.net/detail-standings.php?tid=18597
第5地区,NSリーグ,2026,1部,5,都立豊多摩高等学校A,豊多摩,A,9,6,3,0,3,8,9,-1,https://www.goalnote.net/detail-standings.php?tid=18597
第5地区,NSリーグ,2026,1部,6,都立保谷高等学校B,保谷,B,6,7,2,0,5,7,27,-20,https://www.goalnote.net/detail-standings.php?tid=18597
第5地区,NSリーグ,2026,1部,7,早稲田大学高等学院B,早大学院,B,5,6,1,2,3,8,7,1,https://www.goalnote.net/detail-standings.php?tid=18597
第5地区,NSリーグ,2026,1部,8,実践学園高等学校D,実践学園,D,5,6,1,2,3,8,11,-3,https://www.goalnote.net/detail-standings.php?tid=18597
第5地区,NSリーグ,2026,1部,9,文化学園大学杉並高等学校,文大杉並,A,4,6,1,1,4,5,13,-8,https://www.goalnote.net/detail-standings.php?tid=18597
第5地区,NSリーグ,2026,1部,10,都立石神井高等学校B,石神井,B,1,7,0,1,6,7,22,-15,https://www.goalnote.net/detail-standings.php?tid=18597
第5地区,NSリーグ,2026,2部A,1,都立武蔵丘高等学校A,武蔵丘,A,13,5,4,1,0,12,4,8,https://www.goalnote.net/detail-standings.php?tid=18597
第5地区,NSリーグ,2026,2部A,2,國學院大學久我山高等学校E,国学院久我山,E,7,3,2,1,0,14,3,11,https://www.goalnote.net/detail-standings.php?tid=18597
第5地区,NSリーグ,2026,2部A,3,日本大学鶴ヶ丘高等学校C,日大鶴ヶ丘,C,6,3,2,0,1,8,3,5,https://www.goalnote.net/detail-standings.php?tid=18597
第5地区,NSリーグ,2026,2部A,4,中央大学杉並高等学校,中大杉並,A,3,2,1,0,1,12,3,9,https://www.goalnote.net/detail-standings.php?tid=18597
第5地区,NSリーグ,2026,2部A,5,早稲田大学高等学院C,早大学院,C,3,1,1,0,0,1,0,1,https://www.goalnote.net/detail-standings.php?tid=18597
第5地区,NSリーグ,2026,2部A,6,杉並ソシオフットボールクラブB,杉並ソシオフットボールクラブ,B,3,2,1,0,1,3,3,0,https://www.goalnote.net/detail-standings.php?tid=18597
第5地区,NSリーグ,2026,2部A,7,都立保谷高等学校C,保谷,C,3,5,1,0,4,4,12,-8,https://www.goalnote.net/detail-standings.php?tid=18597
第5地区,NSリーグ,2026,2部A,8,東京大学教育学部附属中等教育学校,東京大学教育学部附属中等教育学校,A,0,5,0,0,5,2,28,-26,https://www.goalnote.net/detail-standings.php?tid=18597
第5地区,NSリーグ,2026,2部B,1,佼成学園高等学校,佼成学園,A,12,5,4,0,1,12,5,7,https://www.goalnote.net/detail-standings.php?tid=18597
第5地区,NSリーグ,2026,2部B,2,明治大学付属中野高等学校B,明大中野,B,9,3,3,0,0,3,0,3,https://www.goalnote.net/detail-standings.php?tid=18597
第5地区,NSリーグ,2026,2部B,3,都立光丘高等学校,光丘,A,4,3,1,1,1,8,4,4,https://www.goalnote.net/detail-standings.php?tid=18597
第5地区,NSリーグ,2026,2部B,4,杉並アヤックスサッカークラブ,杉並アヤックスサッカークラブ,A,3,2,1,0,1,1,1,0,https://www.goalnote.net/detail-standings.php?tid=18597
第5地区,NSリーグ,2026,2部B,5,都立西高等学校,西,A,1,3,0,1,2,3,6,-3,https://www.goalnote.net/detail-standings.php?tid=18597
第5地区,NSリーグ,2026,2部B,6,実践学園高等学校E,実践学園,E,0,1,0,0,1,1,2,-1,https://www.goalnote.net/detail-standings.php?tid=18597
第5地区,NSリーグ,2026,2部B,7,都立豊多摩高等学校B,豊多摩,B,0,3,0,0,3,1,11,-10,https://www.goalnote.net/detail-standings.php?tid=18597
第5地区,NSリーグ,2026,2部B,,杉並フットボールクラブ,杉並フットボールクラブ,A,,,,,,,,,https://www.goalnote.net/detail-standings.php?tid=18597
第5地区,NSリーグ,2026,3部A,1,都立杉並高等学校,杉並,A,5,3,1,2,0,6,2,4,https://www.goalnote.net/detail-standings.php?tid=18597
第5地区,NSリーグ,2026,3部A,2,英明フロンティア高等学校,英明フロンティア,A,4,2,1,1,0,3,1,2,https://www.goalnote.net/detail-standings.php?tid=18597
第5地区,NSリーグ,2026,3部A,3,宝仙学園高等学校,宝仙学園,A,1,1,0,1,0,1,1,0,https://www.goalnote.net/detail-standings.php?tid=18597
第5地区,NSリーグ,2026,3部A,4,東京学芸大学附属国際中等教育学校,東京学芸大学附属国際中等教育学校,A,0,1,0,0,1,1,3,-2,https://www.goalnote.net/detail-standings.php?tid=18597
第5地区,NSリーグ,2026,3部A,5,都立田無高等学校,田無,A,0,1,0,0,1,1,5,-4,https://www.goalnote.net/detail-standings.php?tid=18597
第5地区,NSリーグ,2026,3部A,,専修大学附属高等学校B,専修大附,B,,,,,,,,,https://www.goalnote.net/detail-standings.php?tid=18597
第5地区,NSリーグ,2026,3部B,1,武蔵野大学高等学校,武蔵野大高,A,6,2,2,0,0,10,0,10,https://www.goalnote.net/detail-standings.php?tid=18597
第5地区,NSリーグ,2026,3部B,2,都立大泉高等学校,大泉,A,4,3,1,1,1,5,4,1,https://www.goalnote.net/detail-standings.php?tid=18597
第5地区,NSリーグ,2026,3部B,3,日本大学第二高等学校B,日大二,B,1,2,0,1,1,0,6,-6,https://www.goalnote.net/detail-standings.php?tid=18597
第5地区,NSリーグ,2026,3部B,4,都立練馬高等学校,練馬,A,0,1,0,0,1,0,5,-5,https://www.goalnote.net/detail-standings.php?tid=18597
第5地区,NSリーグ,2026,3部B,,堀越高等学校C,堀越,C,,,,,,,,,https://www.goalnote.net/detail-standings.php?tid=18597
第5地区,NSリーグ,2026,3部B,,都立富士高等学校,富士,A,,,,,,,,,https://www.goalnote.net/detail-standings.php?tid=18597
第5地区,NSリーグ,2026,3部C,1,都立鷺宮高等学校B,鷺宮,B,10,5,3,1,1,12,4,8,https://www.goalnote.net/detail-standings.php?tid=18597
第5地区,NSリーグ,2026,3部C,2,東京立正高等学校,東京立正,A,7,4,2,1,1,22,7,15,https://www.goalnote.net/detail-standings.php?tid=18597
第5地区,NSリーグ,2026,3部C,3,都立井草高等学校,井草,A,6,2,2,0,0,7,2,5,https://www.goalnote.net/detail-standings.php?tid=18597
第5地区,NSリーグ,2026,3部C,4,都立武蔵丘高等学校B,武蔵丘,B,2,3,0,2,1,7,11,-4,https://www.goalnote.net/detail-standings.php?tid=18597
第5地区,NSリーグ,2026,3部C,5,明治大学付属中野高等学校C,明大中野,C,0,2,0,0,2,0,3,-3,https://www.goalnote.net/detail-standings.php?tid=18597
第5地区,NSリーグ,2026,3部C,6,都立杉並総合高等学校,杉並総合,A,0,2,0,0,2,0,21,-21,https://www.goalnote.net/detail-standings.php?tid=18597
第5地区,NSリーグ,2026,3部C,,杉並学院高等学校,杉並学院,A,,,,,,,,,https://www.goalnote.net/detail-standings.php?tid=18597
第6地区,第6地区リーグU-18（通称・第6地区ユースリーグ）,2026,1部,1,駒大E,駒澤大高,E,15,5,5,0,0,29,4,25,https://docs.google.com/spreadsheets/d/1vY7m-UeNZODVhNsxWN_Wn9Nt-7p4BdPc8PC64K5_qAo/gviz/tq?tqx=out:csv（試合から計算）
第6地区,第6地区リーグU-18（通称・第6地区ユースリーグ）,2026,1部,2,日大三B,日大三,B,15,6,5,0,1,19,3,16,https://docs.google.com/spreadsheets/d/1vY7m-UeNZODVhNsxWN_Wn9Nt-7p4BdPc8PC64K5_qAo/gviz/tq?tqx=out:csv（試合から計算）
第6地区,第6地区リーグU-18（通称・第6地区ユースリーグ）,2026,1部,3,駒場学園A,駒場学園,A,13,6,4,1,1,15,8,7,https://docs.google.com/spreadsheets/d/1vY7m-UeNZODVhNsxWN_Wn9Nt-7p4BdPc8PC64K5_qAo/gviz/tq?tqx=out:csv（試合から計算）
第6地区,第6地区リーグU-18（通称・第6地区ユースリーグ）,2026,1部,4,農大一,農大一,A,12,6,3,3,0,14,6,8,https://docs.google.com/spreadsheets/d/1vY7m-UeNZODVhNsxWN_Wn9Nt-7p4BdPc8PC64K5_qAo/gviz/tq?tqx=out:csv（試合から計算）
第6地区,第6地区リーグU-18（通称・第6地区ユースリーグ）,2026,1部,5,国士舘C,国士舘,C,9,6,3,0,3,10,14,-4,https://docs.google.com/spreadsheets/d/1vY7m-UeNZODVhNsxWN_Wn9Nt-7p4BdPc8PC64K5_qAo/gviz/tq?tqx=out:csv（試合から計算）
第6地区,第6地区リーグU-18（通称・第6地区ユースリーグ）,2026,1部,6,都市大等々力,都市大等々力,A,9,6,3,0,3,13,17,-4,https://docs.google.com/spreadsheets/d/1vY7m-UeNZODVhNsxWN_Wn9Nt-7p4BdPc8PC64K5_qAo/gviz/tq?tqx=out:csv（試合から計算）
第6地区,第6地区リーグU-18（通称・第6地区ユースリーグ）,2026,1部,7,成城学園,成城学園,A,7,6,2,1,3,15,15,0,https://docs.google.com/spreadsheets/d/1vY7m-UeNZODVhNsxWN_Wn9Nt-7p4BdPc8PC64K5_qAo/gviz/tq?tqx=out:csv（試合から計算）
第6地区,第6地区リーグU-18（通称・第6地区ユースリーグ）,2026,1部,8,駒場B,駒場,B,4,7,1,1,5,12,16,-4,https://docs.google.com/spreadsheets/d/1vY7m-UeNZODVhNsxWN_Wn9Nt-7p4BdPc8PC64K5_qAo/gviz/tq?tqx=out:csv（試合から計算）
第6地区,第6地区リーグU-18（通称・第6地区ユースリーグ）,2026,1部,9,野津田,野津田,A,3,6,1,0,5,6,21,-15,https://docs.google.com/spreadsheets/d/1vY7m-UeNZODVhNsxWN_Wn9Nt-7p4BdPc8PC64K5_qAo/gviz/tq?tqx=out:csv（試合から計算）
第6地区,第6地区リーグU-18（通称・第6地区ユースリーグ）,2026,1部,10,成瀬,成瀬,A,0,6,0,0,6,4,33,-29,https://docs.google.com/spreadsheets/d/1vY7m-UeNZODVhNsxWN_Wn9Nt-7p4BdPc8PC64K5_qAo/gviz/tq?tqx=out:csv（試合から計算）
第6地区,第6地区リーグU-18（通称・第6地区ユースリーグ）,2026,2部A,1,玉川学園/三田国際/和光,玉川学園/三田国際/和光,A,12,6,3,3,0,19,8,11,https://docs.google.com/spreadsheets/d/1vY7m-UeNZODVhNsxWN_Wn9Nt-7p4BdPc8PC64K5_qAo/gviz/tq?tqx=out:csv（試合から計算）
第6地区,第6地区リーグU-18（通称・第6地区ユースリーグ）,2026,2部A,2,多摩大目黒D,多摩大学目黒,D,11,6,3,2,1,12,6,6,https://docs.google.com/spreadsheets/d/1vY7m-UeNZODVhNsxWN_Wn9Nt-7p4BdPc8PC64K5_qAo/gviz/tq?tqx=out:csv（試合から計算）
第6地区,第6地区リーグU-18（通称・第6地区ユースリーグ）,2026,2部A,3,狛江B,狛江,B,10,7,3,1,3,10,10,0,https://docs.google.com/spreadsheets/d/1vY7m-UeNZODVhNsxWN_Wn9Nt-7p4BdPc8PC64K5_qAo/gviz/tq?tqx=out:csv（試合から計算）
第6地区,第6地区リーグU-18（通称・第6地区ユースリーグ）,2026,2部A,4,桜美林A,桜美林,A,9,4,3,0,1,13,3,10,https://docs.google.com/spreadsheets/d/1vY7m-UeNZODVhNsxWN_Wn9Nt-7p4BdPc8PC64K5_qAo/gviz/tq?tqx=out:csv（試合から計算）
第6地区,第6地区リーグU-18（通称・第6地区ユースリーグ）,2026,2部A,5,駒場C,駒場,C,7,4,2,1,1,15,11,4,https://docs.google.com/spreadsheets/d/1vY7m-UeNZODVhNsxWN_Wn9Nt-7p4BdPc8PC64K5_qAo/gviz/tq?tqx=out:csv（試合から計算）
第6地区,第6地区リーグU-18（通称・第6地区ユースリーグ）,2026,2部A,6,桜町,桜町,A,6,5,2,0,3,5,10,-5,https://docs.google.com/spreadsheets/d/1vY7m-UeNZODVhNsxWN_Wn9Nt-7p4BdPc8PC64K5_qAo/gviz/tq?tqx=out:csv（試合から計算）
第6地区,第6地区リーグU-18（通称・第6地区ユースリーグ）,2026,2部A,7,日大桜丘A,日大桜丘,A,4,3,1,1,1,4,2,2,https://docs.google.com/spreadsheets/d/1vY7m-UeNZODVhNsxWN_Wn9Nt-7p4BdPc8PC64K5_qAo/gviz/tq?tqx=out:csv（試合から計算）
第6地区,第6地区リーグU-18（通称・第6地区ユースリーグ）,2026,2部A,8,駒場学園B,駒場学園,B,0,1,0,0,1,1,4,-3,https://docs.google.com/spreadsheets/d/1vY7m-UeNZODVhNsxWN_Wn9Nt-7p4BdPc8PC64K5_qAo/gviz/tq?tqx=out:csv（試合から計算）
第6地区,第6地区リーグU-18（通称・第6地区ユースリーグ）,2026,2部A,9,大東学園,大東学園,A,0,6,0,0,6,5,30,-25,https://docs.google.com/spreadsheets/d/1vY7m-UeNZODVhNsxWN_Wn9Nt-7p4BdPc8PC64K5_qAo/gviz/tq?tqx=out:csv（試合から計算）
第6地区,第6地区リーグU-18（通称・第6地区ユースリーグ）,2026,2部B,1,都市大A,都市大付,A,12,4,4,0,0,17,2,15,https://docs.google.com/spreadsheets/d/1vY7m-UeNZODVhNsxWN_Wn9Nt-7p4BdPc8PC64K5_qAo/gviz/tq?tqx=out:csv（試合から計算）
第6地区,第6地区リーグU-18（通称・第6地区ユースリーグ）,2026,2部B,2,駒大F,駒大F,A,12,4,4,0,0,16,2,14,https://docs.google.com/spreadsheets/d/1vY7m-UeNZODVhNsxWN_Wn9Nt-7p4BdPc8PC64K5_qAo/gviz/tq?tqx=out:csv（試合から計算）
第6地区,第6地区リーグU-18（通称・第6地区ユースリーグ）,2026,2部B,3,学大附,学芸大附,A,9,6,3,0,3,18,9,9,https://docs.google.com/spreadsheets/d/1vY7m-UeNZODVhNsxWN_Wn9Nt-7p4BdPc8PC64K5_qAo/gviz/tq?tqx=out:csv（試合から計算）
第6地区,第6地区リーグU-18（通称・第6地区ユースリーグ）,2026,2部B,4,小川,小川,A,6,3,2,0,1,8,6,2,https://docs.google.com/spreadsheets/d/1vY7m-UeNZODVhNsxWN_Wn9Nt-7p4BdPc8PC64K5_qAo/gviz/tq?tqx=out:csv（試合から計算）
第6地区,第6地区リーグU-18（通称・第6地区ユースリーグ）,2026,2部B,5,筑駒,筑波大駒場,A,6,4,2,0,2,11,10,1,https://docs.google.com/spreadsheets/d/1vY7m-UeNZODVhNsxWN_Wn9Nt-7p4BdPc8PC64K5_qAo/gviz/tq?tqx=out:csv（試合から計算）
第6地区,第6地区リーグU-18（通称・第6地区ユースリーグ）,2026,2部B,6,目黒日大,目黒日大,A,6,7,2,0,5,15,17,-2,https://docs.google.com/spreadsheets/d/1vY7m-UeNZODVhNsxWN_Wn9Nt-7p4BdPc8PC64K5_qAo/gviz/tq?tqx=out:csv（試合から計算）
第6地区,第6地区リーグU-18（通称・第6地区ユースリーグ）,2026,2部B,7,日大三C,日大三,C,3,1,1,0,0,3,2,1,https://docs.google.com/spreadsheets/d/1vY7m-UeNZODVhNsxWN_Wn9Nt-7p4BdPc8PC64K5_qAo/gviz/tq?tqx=out:csv（試合から計算）
第6地区,第6地区リーグU-18（通称・第6地区ユースリーグ）,2026,2部B,8,桜修館,桜修館中等,A,3,4,1,0,3,3,18,-15,https://docs.google.com/spreadsheets/d/1vY7m-UeNZODVhNsxWN_Wn9Nt-7p4BdPc8PC64K5_qAo/gviz/tq?tqx=out:csv（試合から計算）
第6地区,第6地区リーグU-18（通称・第6地区ユースリーグ）,2026,2部B,9,日本学園B,日本学園,B,0,3,0,0,3,3,12,-9,https://docs.google.com/spreadsheets/d/1vY7m-UeNZODVhNsxWN_Wn9Nt-7p4BdPc8PC64K5_qAo/gviz/tq?tqx=out:csv（試合から計算）
第6地区,第6地区リーグU-18（通称・第6地区ユースリーグ）,2026,2部B,10,目黒学院,目黒学院,A,0,2,0,0,2,4,20,-16,https://docs.google.com/spreadsheets/d/1vY7m-UeNZODVhNsxWN_Wn9Nt-7p4BdPc8PC64K5_qAo/gviz/tq?tqx=out:csv（試合から計算）
第6地区,第6地区リーグU-18（通称・第6地区ユースリーグ）,2026,3部A,1,千歳丘,千歳丘,A,6,2,2,0,0,12,0,12,https://docs.google.com/spreadsheets/d/1vY7m-UeNZODVhNsxWN_Wn9Nt-7p4BdPc8PC64K5_qAo/gviz/tq?tqx=out:csv（試合から計算）
第6地区,第6地区リーグU-18（通称・第6地区ユースリーグ）,2026,3部A,2,科学技術学園,科学技術学園,A,6,3,2,0,1,4,7,-3,https://docs.google.com/spreadsheets/d/1vY7m-UeNZODVhNsxWN_Wn9Nt-7p4BdPc8PC64K5_qAo/gviz/tq?tqx=out:csv（試合から計算）
第6地区,第6地区リーグU-18（通称・第6地区ユースリーグ）,2026,3部A,3,駒大H,駒大H,A,3,1,1,0,0,6,1,5,https://docs.google.com/spreadsheets/d/1vY7m-UeNZODVhNsxWN_Wn9Nt-7p4BdPc8PC64K5_qAo/gviz/tq?tqx=out:csv（試合から計算）
第6地区,第6地区リーグU-18（通称・第6地区ユースリーグ）,2026,3部A,4,目黒,目黒,A,3,1,1,0,0,2,1,1,https://docs.google.com/spreadsheets/d/1vY7m-UeNZODVhNsxWN_Wn9Nt-7p4BdPc8PC64K5_qAo/gviz/tq?tqx=out:csv（試合から計算）
第6地区,第6地区リーグU-18（通称・第6地区ユースリーグ）,2026,3部A,5,芦花,芦花,A,3,4,1,0,3,9,13,-4,https://docs.google.com/spreadsheets/d/1vY7m-UeNZODVhNsxWN_Wn9Nt-7p4BdPc8PC64K5_qAo/gviz/tq?tqx=out:csv（試合から計算）
第6地区,第6地区リーグU-18（通称・第6地区ユースリーグ）,2026,3部A,6,玉川学園/三田国際/和光,玉川学園/三田国際/和光,A,0,1,0,0,1,0,1,-1,https://docs.google.com/spreadsheets/d/1vY7m-UeNZODVhNsxWN_Wn9Nt-7p4BdPc8PC64K5_qAo/gviz/tq?tqx=out:csv（試合から計算）
第6地区,第6地区リーグU-18（通称・第6地区ユースリーグ）,2026,3部A,7,町田工科,町田工科,A,0,2,0,0,2,0,10,-10,https://docs.google.com/spreadsheets/d/1vY7m-UeNZODVhNsxWN_Wn9Nt-7p4BdPc8PC64K5_qAo/gviz/tq?tqx=out:csv（試合から計算）
第6地区,第6地区リーグU-18（通称・第6地区ユースリーグ）,2026,3部B,1,日大桜丘B,日大桜丘,B,3,1,1,0,0,5,1,4,https://docs.google.com/spreadsheets/d/1vY7m-UeNZODVhNsxWN_Wn9Nt-7p4BdPc8PC64K5_qAo/gviz/tq?tqx=out:csv（試合から計算）
第6地区,第6地区リーグU-18（通称・第6地区ユースリーグ）,2026,3部B,2,国際,国際,A,0,1,0,0,1,1,5,-4,https://docs.google.com/spreadsheets/d/1vY7m-UeNZODVhNsxWN_Wn9Nt-7p4BdPc8PC64K5_qAo/gviz/tq?tqx=out:csv（試合から計算）
第7地区,第7地区ユースリーグ,2026,1部,1,明星学園B,明星学園,B,18,6,6,0,0,33,1,32,https://docs.google.com/spreadsheets/d/e/2PACX-1vQVPxsdzQeHgNi4Bg02sDdW2DYT-H-jTe8Q3NttnomTX3wCBomCCepRUQPb_Szwlq6D9RkOnPZnznB2/pub?gid=513876327&single=true&output=csv
第7地区,第7地区ユースリーグ,2026,1部,2,大成C,大成,C,15,6,5,0,1,19,4,15,https://docs.google.com/spreadsheets/d/e/2PACX-1vQVPxsdzQeHgNi4Bg02sDdW2DYT-H-jTe8Q3NttnomTX3wCBomCCepRUQPb_Szwlq6D9RkOnPZnznB2/pub?gid=513876327&single=true&output=csv
第7地区,第7地区ユースリーグ,2026,1部,3,調布南A,調布南,A,15,6,5,0,1,16,3,13,https://docs.google.com/spreadsheets/d/e/2PACX-1vQVPxsdzQeHgNi4Bg02sDdW2DYT-H-jTe8Q3NttnomTX3wCBomCCepRUQPb_Szwlq6D9RkOnPZnznB2/pub?gid=513876327&single=true&output=csv
第7地区,第7地区ユースリーグ,2026,1部,4,三鷹中等,三鷹中等,A,12,6,4,0,2,11,10,1,https://docs.google.com/spreadsheets/d/e/2PACX-1vQVPxsdzQeHgNi4Bg02sDdW2DYT-H-jTe8Q3NttnomTX3wCBomCCepRUQPb_Szwlq6D9RkOnPZnznB2/pub?gid=513876327&single=true&output=csv
第7地区,第7地区ユースリーグ,2026,1部,5,片倉,片倉,A,9,5,3,0,2,23,12,11,https://docs.google.com/spreadsheets/d/e/2PACX-1vQVPxsdzQeHgNi4Bg02sDdW2DYT-H-jTe8Q3NttnomTX3wCBomCCepRUQPb_Szwlq6D9RkOnPZnznB2/pub?gid=513876327&single=true&output=csv
第7地区,第7地区ユースリーグ,2026,1部,6,Raiz Chofu F.C U-18,RaizChofuF.CU-18,A,7,6,2,1,3,5,6,-1,https://docs.google.com/spreadsheets/d/e/2PACX-1vQVPxsdzQeHgNi4Bg02sDdW2DYT-H-jTe8Q3NttnomTX3wCBomCCepRUQPb_Szwlq6D9RkOnPZnznB2/pub?gid=513876327&single=true&output=csv
第7地区,第7地区ユースリーグ,2026,1部,7,昭和第一学園B,昭和第一学園,B,7,6,2,1,3,5,8,-3,https://docs.google.com/spreadsheets/d/e/2PACX-1vQVPxsdzQeHgNi4Bg02sDdW2DYT-H-jTe8Q3NttnomTX3wCBomCCepRUQPb_Szwlq6D9RkOnPZnznB2/pub?gid=513876327&single=true&output=csv
第7地区,第7地区ユースリーグ,2026,1部,8,明大八王子B,明大八王子,B,3,6,1,0,5,7,41,-34,https://docs.google.com/spreadsheets/d/e/2PACX-1vQVPxsdzQeHgNi4Bg02sDdW2DYT-H-jTe8Q3NttnomTX3wCBomCCepRUQPb_Szwlq6D9RkOnPZnznB2/pub?gid=513876327&single=true&output=csv
第7地区,第7地区ユースリーグ,2026,1部,9,八王子東A,八王子東,A,0,5,0,0,5,0,16,-16,https://docs.google.com/spreadsheets/d/e/2PACX-1vQVPxsdzQeHgNi4Bg02sDdW2DYT-H-jTe8Q3NttnomTX3wCBomCCepRUQPb_Szwlq6D9RkOnPZnznB2/pub?gid=513876327&single=true&output=csv
第7地区,第7地区ユースリーグ,2026,1部,10,星槎国際八王子,星槎国際八王子,A,0,6,0,0,6,5,23,-18,https://docs.google.com/spreadsheets/d/e/2PACX-1vQVPxsdzQeHgNi4Bg02sDdW2DYT-H-jTe8Q3NttnomTX3wCBomCCepRUQPb_Szwlq6D9RkOnPZnznB2/pub?gid=513876327&single=true&output=csv
第7地区,第7地区ユースリーグ,2026,2部A,1,桐朋,桐朋,A,12,5,4,0,1,14,4,10,https://docs.google.com/spreadsheets/d/e/2PACX-1vQDgq8t4JUX3Bwny3MQXdTAYZz1ya47lHunDLtuGBYg3R_y30tCEiB5YIfLLXnNPXTVL_FTW0FzIOC6/pub?gid=513876327&single=true&output=csv
第7地区,第7地区ユースリーグ,2026,2部A,2,八王子北,八王子北,A,12,5,4,0,1,10,6,4,https://docs.google.com/spreadsheets/d/e/2PACX-1vQDgq8t4JUX3Bwny3MQXdTAYZz1ya47lHunDLtuGBYg3R_y30tCEiB5YIfLLXnNPXTVL_FTW0FzIOC6/pub?gid=513876327&single=true&output=csv
第7地区,第7地区ユースリーグ,2026,2部A,3,八王子,八王子,A,10,6,3,1,2,12,6,6,https://docs.google.com/spreadsheets/d/e/2PACX-1vQDgq8t4JUX3Bwny3MQXdTAYZz1ya47lHunDLtuGBYg3R_y30tCEiB5YIfLLXnNPXTVL_FTW0FzIOC6/pub?gid=513876327&single=true&output=csv
第7地区,第7地区ユースリーグ,2026,2部A,4,松が谷,松が谷,A,7,3,2,1,0,8,1,7,https://docs.google.com/spreadsheets/d/e/2PACX-1vQDgq8t4JUX3Bwny3MQXdTAYZz1ya47lHunDLtuGBYg3R_y30tCEiB5YIfLLXnNPXTVL_FTW0FzIOC6/pub?gid=513876327&single=true&output=csv
第7地区,第7地区ユースリーグ,2026,2部A,5,明大明治B,明大明治,B,7,5,2,1,2,8,5,3,https://docs.google.com/spreadsheets/d/e/2PACX-1vQDgq8t4JUX3Bwny3MQXdTAYZz1ya47lHunDLtuGBYg3R_y30tCEiB5YIfLLXnNPXTVL_FTW0FzIOC6/pub?gid=513876327&single=true&output=csv
第7地区,第7地区ユースリーグ,2026,2部A,6,翔陽,翔陽,A,6,5,2,0,3,5,9,-4,https://docs.google.com/spreadsheets/d/e/2PACX-1vQDgq8t4JUX3Bwny3MQXdTAYZz1ya47lHunDLtuGBYg3R_y30tCEiB5YIfLLXnNPXTVL_FTW0FzIOC6/pub?gid=513876327&single=true&output=csv
第7地区,第7地区ユースリーグ,2026,2部A,7,三鷹中等B,三鷹中等,B,5,6,1,2,3,5,15,-10,https://docs.google.com/spreadsheets/d/e/2PACX-1vQDgq8t4JUX3Bwny3MQXdTAYZz1ya47lHunDLtuGBYg3R_y30tCEiB5YIfLLXnNPXTVL_FTW0FzIOC6/pub?gid=513876327&single=true&output=csv
第7地区,第7地区ユースリーグ,2026,2部A,8,昭和第一学園C,昭和第一学園,C,4,6,1,1,4,3,10,-7,https://docs.google.com/spreadsheets/d/e/2PACX-1vQDgq8t4JUX3Bwny3MQXdTAYZz1ya47lHunDLtuGBYg3R_y30tCEiB5YIfLLXnNPXTVL_FTW0FzIOC6/pub?gid=513876327&single=true&output=csv
第7地区,第7地区ユースリーグ,2026,2部A,9,国立B,国立,B,0,3,0,0,3,1,10,-9,https://docs.google.com/spreadsheets/d/e/2PACX-1vQDgq8t4JUX3Bwny3MQXdTAYZz1ya47lHunDLtuGBYg3R_y30tCEiB5YIfLLXnNPXTVL_FTW0FzIOC6/pub?gid=513876327&single=true&output=csv
第7地区,第7地区ユースリーグ,2026,2部B,1,富士森,富士森,A,15,6,5,0,1,19,7,12,https://docs.google.com/spreadsheets/d/e/2PACX-1vSnG2t7r30I6bfEEBBGZRKWZo3ixiupiIdVCBR4RyKdn1TUhL8C6i2pEiNNaZ4yslVIUR5LF92BaFMS/pub?gid=513876327&single=true&output=csv
第7地区,第7地区ユースリーグ,2026,2部B,2,穎明館,穎明館,A,9,5,3,0,2,12,13,-1,https://docs.google.com/spreadsheets/d/e/2PACX-1vSnG2t7r30I6bfEEBBGZRKWZo3ixiupiIdVCBR4RyKdn1TUhL8C6i2pEiNNaZ4yslVIUR5LF92BaFMS/pub?gid=513876327&single=true&output=csv
第7地区,第7地区ユースリーグ,2026,2部B,3,立川,立川,A,8,6,2,2,2,3,3,0,https://docs.google.com/spreadsheets/d/e/2PACX-1vSnG2t7r30I6bfEEBBGZRKWZo3ixiupiIdVCBR4RyKdn1TUhL8C6i2pEiNNaZ4yslVIUR5LF92BaFMS/pub?gid=513876327&single=true&output=csv
第7地区,第7地区ユースリーグ,2026,2部B,4,永山,永山,A,7,4,2,1,1,7,4,3,https://docs.google.com/spreadsheets/d/e/2PACX-1vSnG2t7r30I6bfEEBBGZRKWZo3ixiupiIdVCBR4RyKdn1TUhL8C6i2pEiNNaZ4yslVIUR5LF92BaFMS/pub?gid=513876327&single=true&output=csv
第7地区,第7地区ユースリーグ,2026,2部B,5,府中東,府中東,A,7,5,2,1,2,7,9,-2,https://docs.google.com/spreadsheets/d/e/2PACX-1vSnG2t7r30I6bfEEBBGZRKWZo3ixiupiIdVCBR4RyKdn1TUhL8C6i2pEiNNaZ4yslVIUR5LF92BaFMS/pub?gid=513876327&single=true&output=csv
第7地区,第7地区ユースリーグ,2026,2部B,6,法政大学,法政大高,A,5,4,1,2,1,8,10,-2,https://docs.google.com/spreadsheets/d/e/2PACX-1vSnG2t7r30I6bfEEBBGZRKWZo3ixiupiIdVCBR4RyKdn1TUhL8C6i2pEiNNaZ4yslVIUR5LF92BaFMS/pub?gid=513876327&single=true&output=csv
第7地区,第7地区ユースリーグ,2026,2部B,7,工学院,工学院,A,4,4,1,1,2,5,5,0,https://docs.google.com/spreadsheets/d/e/2PACX-1vSnG2t7r30I6bfEEBBGZRKWZo3ixiupiIdVCBR4RyKdn1TUhL8C6i2pEiNNaZ4yslVIUR5LF92BaFMS/pub?gid=513876327&single=true&output=csv
第7地区,第7地区ユースリーグ,2026,2部B,8,調布北,調布北,A,4,6,1,1,4,10,16,-6,https://docs.google.com/spreadsheets/d/e/2PACX-1vSnG2t7r30I6bfEEBBGZRKWZo3ixiupiIdVCBR4RyKdn1TUhL8C6i2pEiNNaZ4yslVIUR5LF92BaFMS/pub?gid=513876327&single=true&output=csv
第7地区,第7地区ユースリーグ,2026,2部B,9,日野台B,日野台,B,2,4,0,2,2,3,7,-4,https://docs.google.com/spreadsheets/d/e/2PACX-1vSnG2t7r30I6bfEEBBGZRKWZo3ixiupiIdVCBR4RyKdn1TUhL8C6i2pEiNNaZ4yslVIUR5LF92BaFMS/pub?gid=513876327&single=true&output=csv
第7地区,第7地区ユースリーグ,2026,3部A,1,明星学園C,明星学園,C,15,5,5,0,0,27,3,24,https://docs.google.com/spreadsheets/d/e/2PACX-1vQx2FQdzhqIHTKWyZgvsblEu1BNjxh8D164OyzusdtyTV3U3iqZhlZdR2x2Iiu-FXllAvaRzSJW3AUI/pub?gid=513876327&single=true&output=csv
第7地区,第7地区ユースリーグ,2026,3部A,2,府中西,府中西,A,13,6,4,1,1,13,5,8,https://docs.google.com/spreadsheets/d/e/2PACX-1vQx2FQdzhqIHTKWyZgvsblEu1BNjxh8D164OyzusdtyTV3U3iqZhlZdR2x2Iiu-FXllAvaRzSJW3AUI/pub?gid=513876327&single=true&output=csv
第7地区,第7地区ユースリーグ,2026,3部A,3,南平,南平,A,9,5,3,0,2,14,5,9,https://docs.google.com/spreadsheets/d/e/2PACX-1vQx2FQdzhqIHTKWyZgvsblEu1BNjxh8D164OyzusdtyTV3U3iqZhlZdR2x2Iiu-FXllAvaRzSJW3AUI/pub?gid=513876327&single=true&output=csv
第7地区,第7地区ユースリーグ,2026,3部A,4,府中,府中,A,9,5,3,0,2,8,7,1,https://docs.google.com/spreadsheets/d/e/2PACX-1vQx2FQdzhqIHTKWyZgvsblEu1BNjxh8D164OyzusdtyTV3U3iqZhlZdR2x2Iiu-FXllAvaRzSJW3AUI/pub?gid=513876327&single=true&output=csv
第7地区,第7地区ユースリーグ,2026,3部A,5,LSS MITAKA,LSSMITAK,A,8,6,2,2,2,8,10,-2,https://docs.google.com/spreadsheets/d/e/2PACX-1vQx2FQdzhqIHTKWyZgvsblEu1BNjxh8D164OyzusdtyTV3U3iqZhlZdR2x2Iiu-FXllAvaRzSJW3AUI/pub?gid=513876327&single=true&output=csv
第7地区,第7地区ユースリーグ,2026,3部A,6,GA,GA,A,6,4,2,0,2,10,12,-2,https://docs.google.com/spreadsheets/d/e/2PACX-1vQx2FQdzhqIHTKWyZgvsblEu1BNjxh8D164OyzusdtyTV3U3iqZhlZdR2x2Iiu-FXllAvaRzSJW3AUI/pub?gid=513876327&single=true&output=csv
第7地区,第7地区ユースリーグ,2026,3部A,7,調布南B,調布南,B,3,5,1,0,4,1,10,-9,https://docs.google.com/spreadsheets/d/e/2PACX-1vQx2FQdzhqIHTKWyZgvsblEu1BNjxh8D164OyzusdtyTV3U3iqZhlZdR2x2Iiu-FXllAvaRzSJW3AUI/pub?gid=513876327&single=true&output=csv
第7地区,第7地区ユースリーグ,2026,3部A,8,八王子実践,八王子実践,A,2,4,0,2,2,2,8,-6,https://docs.google.com/spreadsheets/d/e/2PACX-1vQx2FQdzhqIHTKWyZgvsblEu1BNjxh8D164OyzusdtyTV3U3iqZhlZdR2x2Iiu-FXllAvaRzSJW3AUI/pub?gid=513876327&single=true&output=csv
第7地区,第7地区ユースリーグ,2026,3部A,9,明大明治C,明大明治,C,1,6,0,1,5,1,24,-23,https://docs.google.com/spreadsheets/d/e/2PACX-1vQx2FQdzhqIHTKWyZgvsblEu1BNjxh8D164OyzusdtyTV3U3iqZhlZdR2x2Iiu-FXllAvaRzSJW3AUI/pub?gid=513876327&single=true&output=csv
第7地区,第7地区ユースリーグ,2026,3部B,1,アローレ八王子U-18B,アローレ八王子U-18B,A,10,4,3,1,0,9,2,7,https://docs.google.com/spreadsheets/d/e/2PACX-1vSz-Rl0rEvqrXiYZjx_kzGuJ4RUw2SNB336r2xVEhaeSiIrUKWdA3VM-XDAJIXoihKh_eDUxW1Hw5Nl/pub?gid=513876327&single=true&output=csv
第7地区,第7地区ユースリーグ,2026,3部B,2,松が谷B,松が谷,B,9,5,3,0,2,11,5,6,https://docs.google.com/spreadsheets/d/e/2PACX-1vSz-Rl0rEvqrXiYZjx_kzGuJ4RUw2SNB336r2xVEhaeSiIrUKWdA3VM-XDAJIXoihKh_eDUxW1Hw5Nl/pub?gid=513876327&single=true&output=csv
第7地区,第7地区ユースリーグ,2026,3部B,3,日野,日野,A,9,6,3,0,3,12,9,3,https://docs.google.com/spreadsheets/d/e/2PACX-1vSz-Rl0rEvqrXiYZjx_kzGuJ4RUw2SNB336r2xVEhaeSiIrUKWdA3VM-XDAJIXoihKh_eDUxW1Hw5Nl/pub?gid=513876327&single=true&output=csv
第7地区,第7地区ユースリーグ,2026,3部B,4,神代,神代,A,7,3,2,1,0,5,2,3,https://docs.google.com/spreadsheets/d/e/2PACX-1vSz-Rl0rEvqrXiYZjx_kzGuJ4RUw2SNB336r2xVEhaeSiIrUKWdA3VM-XDAJIXoihKh_eDUxW1Hw5Nl/pub?gid=513876327&single=true&output=csv
第7地区,第7地区ユースリーグ,2026,3部B,5,明星,明星,A,4,2,1,1,0,2,1,1,https://docs.google.com/spreadsheets/d/e/2PACX-1vSz-Rl0rEvqrXiYZjx_kzGuJ4RUw2SNB336r2xVEhaeSiIrUKWdA3VM-XDAJIXoihKh_eDUxW1Hw5Nl/pub?gid=513876327&single=true&output=csv
第7地区,第7地区ユースリーグ,2026,3部B,6,府中東セカンド,府中東セカンド,A,3,3,1,0,2,5,6,-1,https://docs.google.com/spreadsheets/d/e/2PACX-1vSz-Rl0rEvqrXiYZjx_kzGuJ4RUw2SNB336r2xVEhaeSiIrUKWdA3VM-XDAJIXoihKh_eDUxW1Hw5Nl/pub?gid=513876327&single=true&output=csv
第7地区,第7地区ユースリーグ,2026,3部B,7,富士森B,富士森,B,1,5,0,1,4,2,12,-10,https://docs.google.com/spreadsheets/d/e/2PACX-1vSz-Rl0rEvqrXiYZjx_kzGuJ4RUw2SNB336r2xVEhaeSiIrUKWdA3VM-XDAJIXoihKh_eDUxW1Hw5Nl/pub?gid=513876327&single=true&output=csv
第7地区,第7地区ユースリーグ,2026,3部B,8,立川国際,立川国際中等,A,0,2,0,0,2,1,10,-9,https://docs.google.com/spreadsheets/d/e/2PACX-1vSz-Rl0rEvqrXiYZjx_kzGuJ4RUw2SNB336r2xVEhaeSiIrUKWdA3VM-XDAJIXoihKh_eDUxW1Hw5Nl/pub?gid=513876327&single=true&output=csv
第2地区,DUOリーグ,2025,グループA,1,都立豊島A,豊島,A,25,9,8,1,0,41,4,37,https://www.goalnote.net/detail-standings.php?tid=16985
第2地区,DUOリーグ,2025,グループA,2,淑徳巣鴨A,淑徳巣鴨,A,22,9,7,1,1,46,12,34,https://www.goalnote.net/detail-standings.php?tid=16985
第2地区,DUOリーグ,2025,グループA,3,日大豊山C,日大豊山,C,22,9,7,1,1,32,18,14,https://www.goalnote.net/detail-standings.php?tid=16985
第2地区,DUOリーグ,2025,グループA,4,文京A,文京,A,16,9,5,1,3,30,32,-2,https://www.goalnote.net/detail-standings.php?tid=16985
第2地区,DUOリーグ,2025,グループA,5,郁文館,郁文館,A,12,9,4,0,5,19,30,-11,https://www.goalnote.net/detail-standings.php?tid=16985
第2地区,DUOリーグ,2025,グループA,6,立教池袋,立教池袋,A,10,9,3,1,5,20,17,3,https://www.goalnote.net/detail-standings.php?tid=16985
第2地区,DUOリーグ,2025,グループA,7,豊南A,豊南,A,10,9,3,1,5,23,24,-1,https://www.goalnote.net/detail-standings.php?tid=16985
第2地区,DUOリーグ,2025,グループA,8,駒込B,駒込,B,7,9,2,1,6,15,28,-13,https://www.goalnote.net/detail-standings.php?tid=16985
第2地区,DUOリーグ,2025,グループA,9,都立江北,江北,A,6,9,2,0,7,10,44,-34,https://www.goalnote.net/detail-standings.php?tid=16985
第2地区,DUOリーグ,2025,グループA,10,足立新田,足立新田,A,1,9,0,1,8,10,37,-27,https://www.goalnote.net/detail-standings.php?tid=16985
第2地区,DUOリーグ,2025,グループB,1,都立豊島B,豊島,B,19,7,6,1,0,19,5,14,https://www.goalnote.net/detail-standings.php?tid=16985
第2地区,DUOリーグ,2025,グループB,2,巣鴨,巣鴨,A,15,7,5,0,2,35,10,25,https://www.goalnote.net/detail-standings.php?tid=16985
第2地区,DUOリーグ,2025,グループB,3,淑徳巣鴨B,淑徳巣鴨,B,15,7,5,0,2,26,14,12,https://www.goalnote.net/detail-standings.php?tid=16985
第2地区,DUOリーグ,2025,グループB,4,小石川,小石川,A,10,7,3,1,3,20,14,6,https://www.goalnote.net/detail-standings.php?tid=16985
第2地区,DUOリーグ,2025,グループB,5,豊島学院B,豊島学院,B,9,7,3,0,4,12,13,-1,https://www.goalnote.net/detail-standings.php?tid=16985
第2地区,DUOリーグ,2025,グループB,6,筑波大附属,筑波大学附属,A,9,7,3,0,4,15,26,-11,https://www.goalnote.net/detail-standings.php?tid=16985
第2地区,DUOリーグ,2025,グループB,7,獨協,獨協,A,6,7,2,0,5,15,25,-10,https://www.goalnote.net/detail-standings.php?tid=16985
第2地区,DUOリーグ,2025,グループB,8,豊南B,豊南,B,0,7,0,0,7,6,41,-35,https://www.goalnote.net/detail-standings.php?tid=16985
第2地区,DUOリーグ,2025,グループC,1,足立学園,足立学園,A,19,7,6,1,0,17,7,10,https://www.goalnote.net/detail-standings.php?tid=16985
第2地区,DUOリーグ,2025,グループC,2,京華A,京華,A,15,7,4,3,0,16,6,10,https://www.goalnote.net/detail-standings.php?tid=16985
第2地区,DUOリーグ,2025,グループC,3,東洋大京北,東洋大京北,A,13,7,4,1,2,20,12,8,https://www.goalnote.net/detail-standings.php?tid=16985
第2地区,DUOリーグ,2025,グループC,4,昭和第一A,昭和第一,A,11,7,3,2,2,18,12,6,https://www.goalnote.net/detail-standings.php?tid=16985
第2地区,DUOリーグ,2025,グループC,5,城西A,城西,A,9,7,2,3,2,8,7,1,https://www.goalnote.net/detail-standings.php?tid=16985
第2地区,DUOリーグ,2025,グループC,6,都立足立,足立,A,8,7,2,2,3,6,8,-2,https://www.goalnote.net/detail-standings.php?tid=16985
第2地区,DUOリーグ,2025,グループC,7,淵江,淵江,A,3,7,1,0,6,7,25,-18,https://www.goalnote.net/detail-standings.php?tid=16985
第2地区,DUOリーグ,2025,グループC,8,向丘,向丘,A,0,7,0,0,7,5,20,-15,https://www.goalnote.net/detail-standings.php?tid=16985
第2地区,DUOリーグ,2025,グループD,1,FC西巣鴨03,FC西巣鴨03,A,12,5,4,0,1,22,4,18,https://www.goalnote.net/detail-standings.php?tid=16985
第2地区,DUOリーグ,2025,グループD,2,中大高,中大高,A,12,5,4,0,1,17,3,14,https://www.goalnote.net/detail-standings.php?tid=16985
第2地区,DUOリーグ,2025,グループD,3,文京B,文京,B,9,4,3,0,1,17,4,13,https://www.goalnote.net/detail-standings.php?tid=16985
第2地区,DUOリーグ,2025,グループD,4,昭和第一B,昭和第一,B,6,5,2,0,3,9,8,1,https://www.goalnote.net/detail-standings.php?tid=16985
第2地区,DUOリーグ,2025,グループD,5,足立東,足立東,A,1,4,0,1,3,1,16,-15,https://www.goalnote.net/detail-standings.php?tid=16985
第2地区,DUOリーグ,2025,グループD,6,貞静学園,貞静学園,A,1,5,0,1,4,1,32,-31,https://www.goalnote.net/detail-standings.php?tid=16985
第2地区,DUOリーグ,2025,グループE,1,竹早,竹早,A,12,5,4,0,1,12,4,8,https://www.goalnote.net/detail-standings.php?tid=16985
第2地区,DUOリーグ,2025,グループE,2,足立西,足立西,A,9,5,3,0,2,16,5,11,https://www.goalnote.net/detail-standings.php?tid=16985
第2地区,DUOリーグ,2025,グループE,3,城西B,城西,B,9,5,3,0,2,9,15,-6,https://www.goalnote.net/detail-standings.php?tid=16985
第2地区,DUOリーグ,2025,グループE,4,都立青井,青井,A,7,5,2,1,2,6,6,0,https://www.goalnote.net/detail-standings.php?tid=16985
第2地区,DUOリーグ,2025,グループE,5,京華商業,京華商業,A,4,5,1,1,3,4,7,-3,https://www.goalnote.net/detail-standings.php?tid=16985
第2地区,DUOリーグ,2025,グループE,6,京華B,京華,B,3,5,1,0,4,3,13,-10,https://www.goalnote.net/detail-standings.php?tid=16985
第3地区,第3地区ユースリーグ,2025,1部,1,駿台学園B2部Aリーグ優勝,駿台学園B2部Aリーグ優勝,A,,,,,,,,,https://kmnkzt1530.wixsite.com/youthleage/single-post/2025%E5%B9%B4%E5%BA%A6%E3%83%AA%E3%83%BC%E3%82%B0%E6%88%A6%E7%B5%90%E6%9E%9C
第3地区,第3地区ユースリーグ,2025,2部A,1,駿台学園C,駿台学園,C,,,,,,,,,https://kmnkzt1530.wixsite.com/youthleage/single-post/2025%E5%B9%B4%E5%BA%A6%E3%83%AA%E3%83%BC%E3%82%B0%E6%88%A6%E7%B5%90%E6%9E%9C
第3地区,第3地区ユースリーグ,2025,2部A,2,都立戸山2部Bリーグ優勝,戸山2部Bリーグ優勝,A,,,,,,,,,https://kmnkzt1530.wixsite.com/youthleage/single-post/2025%E5%B9%B4%E5%BA%A6%E3%83%AA%E3%83%BC%E3%82%B0%E6%88%A6%E7%B5%90%E6%9E%9C
第3地区,第3地区ユースリーグ,2025,2部B,1,駿台学園D,駿台学園,D,,,,,,,,,https://kmnkzt1530.wixsite.com/youthleage/single-post/2025%E5%B9%B4%E5%BA%A6%E3%83%AA%E3%83%BC%E3%82%B0%E6%88%A6%E7%B5%90%E6%9E%9C
第3地区,第3地区ユースリーグ,2025,2部B,2,目白研心C2部から1部への昇格は上位リーグとの関係により、駿台学園Cと都立戸山になります。3部A優勝,目白研心C2部から1部への昇格は上位リーグとの関係により、駿台学園Cと都立戸山になります。3部A優勝,A,,,,,,,,,https://kmnkzt1530.wixsite.com/youthleage/single-post/2025%E5%B9%B4%E5%BA%A6%E3%83%AA%E3%83%BC%E3%82%B0%E6%88%A6%E7%B5%90%E6%9E%9C
第3地区,第3地区ユースリーグ,2025,3部A,1,大東文化第一B3部B優勝,大東文化第一B3部B優勝,A,,,,,,,,,https://kmnkzt1530.wixsite.com/youthleage/single-post/2025%E5%B9%B4%E5%BA%A6%E3%83%AA%E3%83%BC%E3%82%B0%E6%88%A6%E7%B5%90%E6%9E%9C
第3地区,第3地区ユースリーグ,2025,3部B,1,Criacao,Criacao,A,,,,,,,,,https://kmnkzt1530.wixsite.com/youthleage/single-post/2025%E5%B9%B4%E5%BA%A6%E3%83%AA%E3%83%BC%E3%82%B0%E6%88%A6%E7%B5%90%E6%9E%9C
第3地区,第3地区ユースリーグ,2025,3部C,1,目白研心D3部D優勝,目白研心D3部D優勝,A,,,,,,,,,https://kmnkzt1530.wixsite.com/youthleage/single-post/2025%E5%B9%B4%E5%BA%A6%E3%83%AA%E3%83%BC%E3%82%B0%E6%88%A6%E7%B5%90%E6%9E%9C
第3地区,第3地区ユースリーグ,2025,3部D,1,都立大山3部リーグ優勝チームは2部リーグ昇格となります。T5から地区リーグへの降格チームがいなかったため、1部リーグからの降格は1チームのみ。その関係で2部リーグからの降格は3チームとなります。https://acrobat.adobe.com/id/urn:aaid:sc:AP:f9270235-9227-4da2-b8f0-2f9ea4183794,大山3部リーグ優勝チームは2部リーグ昇格となります。T5から地区リーグへの降格チームがいなかったため、1部リーグからの降格は1チームのみ。その関係で2部リーグからの降格は3チームとなります。https://acrobat.adobe.com/id/urn:aaid:sc:AP:f9270235-9227-4da2-b8f0-2f9ea4183794,A,,,,,,,,,https://kmnkzt1530.wixsite.com/youthleage/single-post/2025%E5%B9%B4%E5%BA%A6%E3%83%AA%E3%83%BC%E3%82%B0%E6%88%A6%E7%B5%90%E6%9E%9C
第4地区,4地区ユースリーグ,2025,1部,1,攻玉社A,攻玉社,A,27,9,9,0,0,23,4,19,https://www.kawakitanet.com/league_soccer/main.php?pref_cd=8&gameid=9466
第4地区,4地区ユースリーグ,2025,1部,2,東京B,東京,B,19,9,6,1,2,13,5,8,https://www.kawakitanet.com/league_soccer/main.php?pref_cd=8&gameid=9466
第4地区,4地区ユースリーグ,2025,1部,3,東海大高輪台D,東海大高輪台,D,14,9,4,2,3,25,10,15,https://www.kawakitanet.com/league_soccer/main.php?pref_cd=8&gameid=9466
第4地区,4地区ユースリーグ,2025,1部,4,大森学園C,大森学園,C,14,9,4,2,3,17,12,5,https://www.kawakitanet.com/league_soccer/main.php?pref_cd=8&gameid=9466
第4地区,4地区ユースリーグ,2025,1部,5,日体大荏原B,日体大荏原,B,12,9,3,3,3,16,10,6,https://www.kawakitanet.com/league_soccer/main.php?pref_cd=8&gameid=9466
第4地区,4地区ユースリーグ,2025,1部,6,東京実業C,東京実業,C,11,9,3,2,4,15,13,2,https://www.kawakitanet.com/league_soccer/main.php?pref_cd=8&gameid=9466
第4地区,4地区ユースリーグ,2025,1部,7,立正大立正,立正大立正,A,11,9,3,2,4,12,19,-7,https://www.kawakitanet.com/league_soccer/main.php?pref_cd=8&gameid=9466
第4地区,4地区ユースリーグ,2025,1部,8,芝A,芝A,A,7,9,2,1,6,10,24,-14,https://www.kawakitanet.com/league_soccer/main.php?pref_cd=8&gameid=9466
第4地区,4地区ユースリーグ,2025,1部,9,都立美原A,美原,A,7,9,2,1,6,10,34,-24,https://www.kawakitanet.com/league_soccer/main.php?pref_cd=8&gameid=9466
第4地区,4地区ユースリーグ,2025,1部,10,明治学院A,明治学院,A,6,9,2,0,7,7,17,-10,https://www.kawakitanet.com/league_soccer/main.php?pref_cd=8&gameid=9466
第4地区,4地区ユースリーグ,2025,2部,1,東京C,東京,C,27,9,9,0,0,38,5,33,https://www.kawakitanet.com/league_soccer/main.php?pref_cd=8&gameid=9467
第4地区,4地区ユースリーグ,2025,2部,2,都立小山台A,小山台,A,24,9,8,0,1,38,9,29,https://www.kawakitanet.com/league_soccer/main.php?pref_cd=8&gameid=9467
第4地区,4地区ユースリーグ,2025,2部,3,都立雪谷,雪谷,A,12,9,3,3,3,23,14,9,https://www.kawakitanet.com/league_soccer/main.php?pref_cd=8&gameid=9467
第4地区,4地区ユースリーグ,2025,2部,4,東京実業D,東京実業,D,12,9,3,3,3,21,16,5,https://www.kawakitanet.com/league_soccer/main.php?pref_cd=8&gameid=9467
第4地区,4地区ユースリーグ,2025,2部,5,東海大高輪台E,東海大高輪台,E,12,9,3,3,3,15,20,-5,https://www.kawakitanet.com/league_soccer/main.php?pref_cd=8&gameid=9467
第4地区,4地区ユースリーグ,2025,2部,6,高輪,高輪,A,11,9,3,2,4,20,16,4,https://www.kawakitanet.com/league_soccer/main.php?pref_cd=8&gameid=9467
第4地区,4地区ユースリーグ,2025,2部,7,日体大荏原C,日体大荏原,C,10,9,2,4,3,17,17,0,https://www.kawakitanet.com/league_soccer/main.php?pref_cd=8&gameid=9467
第4地区,4地区ユースリーグ,2025,2部,8,朋優学院,朋優学院,A,10,9,2,4,3,11,13,-2,https://www.kawakitanet.com/league_soccer/main.php?pref_cd=8&gameid=9467
第4地区,4地区ユースリーグ,2025,2部,9,都立つばさ総合,つばさ総合,A,4,9,1,1,7,5,27,-22,https://www.kawakitanet.com/league_soccer/main.php?pref_cd=8&gameid=9467
第4地区,4地区ユースリーグ,2025,2部,10,暁星B,暁星,B,3,9,1,0,8,6,57,-51,https://www.kawakitanet.com/league_soccer/main.php?pref_cd=8&gameid=9467
第4地区,4地区ユースリーグ,2025,3部A,1,都立日比谷,日比谷,A,24,9,8,0,1,35,6,29,https://www.kawakitanet.com/league_soccer/main.php?pref_cd=8&gameid=9468
第4地区,4地区ユースリーグ,2025,3部A,2,東京D,東京,D,21,9,7,0,2,35,8,27,https://www.kawakitanet.com/league_soccer/main.php?pref_cd=8&gameid=9468
第4地区,4地区ユースリーグ,2025,3部A,3,青稜B,青稜,B,18,9,6,0,3,27,15,12,https://www.kawakitanet.com/league_soccer/main.php?pref_cd=8&gameid=9468
第4地区,4地区ユースリーグ,2025,3部A,4,二松学舎,二松学舎大附,A,15,9,5,0,4,33,18,15,https://www.kawakitanet.com/league_soccer/main.php?pref_cd=8&gameid=9468
第4地区,4地区ユースリーグ,2025,3部A,5,東洋,東洋,A,15,9,5,0,4,28,26,2,https://www.kawakitanet.com/league_soccer/main.php?pref_cd=8&gameid=9468
第4地区,4地区ユースリーグ,2025,3部A,6,品川翔英,品川翔英,A,13,9,4,1,4,29,23,6,https://www.kawakitanet.com/league_soccer/main.php?pref_cd=8&gameid=9468
第4地区,4地区ユースリーグ,2025,3部A,7,文教大付属,文教大付,A,10,9,3,1,5,23,21,2,https://www.kawakitanet.com/league_soccer/main.php?pref_cd=8&gameid=9468
第4地区,4地区ユースリーグ,2025,3部A,8,都立小山台B,小山台,B,7,9,2,1,6,11,22,-11,https://www.kawakitanet.com/league_soccer/main.php?pref_cd=8&gameid=9468
第4地区,4地区ユースリーグ,2025,3部A,9,正則,正則,A,6,9,2,0,7,9,26,-17,https://www.kawakitanet.com/league_soccer/main.php?pref_cd=8&gameid=9468
第4地区,4地区ユースリーグ,2025,3部A,10,都立美原B,美原,B,4,9,1,1,7,6,71,-65,https://www.kawakitanet.com/league_soccer/main.php?pref_cd=8&gameid=9468
第4地区,4地区ユースリーグ,2025,3部B,1,大森学園D,大森学園,D,21,9,7,0,2,38,7,31,https://www.kawakitanet.com/league_soccer/main.php?pref_cd=8&gameid=9469
第4地区,4地区ユースリーグ,2025,3部B,2,羽田国際,羽田国際,A,21,9,7,0,2,23,3,20,https://www.kawakitanet.com/league_soccer/main.php?pref_cd=8&gameid=9469
第4地区,4地区ユースリーグ,2025,3部B,3,正則学園B,正則学園,B,19,9,6,1,2,29,25,4,https://www.kawakitanet.com/league_soccer/main.php?pref_cd=8&gameid=9469
第4地区,4地区ユースリーグ,2025,3部B,4,東京実業E,東京実業,E,18,9,6,0,3,20,17,3,https://www.kawakitanet.com/league_soccer/main.php?pref_cd=8&gameid=9469
第4地区,4地区ユースリーグ,2025,3部B,5,日体大荏原D,日体大荏原,D,16,9,5,1,3,21,20,1,https://www.kawakitanet.com/league_soccer/main.php?pref_cd=8&gameid=9469
第4地区,4地区ユースリーグ,2025,3部B,6,麻布,麻布,A,10,9,3,1,5,22,16,6,https://www.kawakitanet.com/league_soccer/main.php?pref_cd=8&gameid=9469
第4地区,4地区ユースリーグ,2025,3部B,7,広尾学園,広尾学園,A,10,9,3,1,5,12,17,-5,https://www.kawakitanet.com/league_soccer/main.php?pref_cd=8&gameid=9469
第4地区,4地区ユースリーグ,2025,3部B,8,明治学院B,明治学院,B,10,9,3,1,5,10,21,-11,https://www.kawakitanet.com/league_soccer/main.php?pref_cd=8&gameid=9469
第4地区,4地区ユースリーグ,2025,3部B,9,芝B,芝B,A,4,9,1,1,7,8,43,-35,https://www.kawakitanet.com/league_soccer/main.php?pref_cd=8&gameid=9469
第4地区,4地区ユースリーグ,2025,3部B,10,攻玉社B,攻玉社,B,3,9,1,0,8,14,28,-14,https://www.kawakitanet.com/league_soccer/main.php?pref_cd=8&gameid=9469
第5地区,NSリーグ,2025,1部,1,杉並ソシオフットボールクラブA,杉並ソシオフットボールクラブ,A,25,9,8,1,0,37,7,30,https://www.goalnote.net/detail-standings.php?tid=16999
第5地区,NSリーグ,2025,1部,2,実践学園高等学校D,実践学園,D,21,9,7,0,2,23,6,17,https://www.goalnote.net/detail-standings.php?tid=16999
第5地区,NSリーグ,2025,1部,3,早稲田大学高等学院B,早大学院,B,14,9,4,2,3,18,14,4,https://www.goalnote.net/detail-standings.php?tid=16999
第5地区,NSリーグ,2025,1部,4,都立石神井高等学校B,石神井,B,13,9,4,1,4,16,13,3,https://www.goalnote.net/detail-standings.php?tid=16999
第5地区,NSリーグ,2025,1部,5,日本大学第二高等学校A,日大二,A,12,9,4,0,5,13,12,1,https://www.goalnote.net/detail-standings.php?tid=16999
第5地区,NSリーグ,2025,1部,6,都立豊多摩高等学校A,豊多摩,A,11,9,3,2,4,15,14,1,https://www.goalnote.net/detail-standings.php?tid=16999
第5地区,NSリーグ,2025,1部,7,日本大学鶴ヶ丘高等学校B,日大鶴ヶ丘,B,11,9,3,2,4,10,9,1,https://www.goalnote.net/detail-standings.php?tid=16999
第5地区,NSリーグ,2025,1部,8,都立鷺宮高等学校A,鷺宮,A,11,9,3,2,4,11,13,-2,https://www.goalnote.net/detail-standings.php?tid=16999
第5地区,NSリーグ,2025,1部,9,國學院大學久我山高等学校E,国学院久我山,E,11,9,3,2,4,12,24,-12,https://www.goalnote.net/detail-standings.php?tid=16999
第5地区,NSリーグ,2025,1部,10,杉並フットボールクラブ,杉並フットボールクラブ,A,0,9,0,0,9,5,48,-43,https://www.goalnote.net/detail-standings.php?tid=16999
第5地区,NSリーグ,2025,2部A,1,都立保谷高等学校B,保谷,B,18,7,6,0,1,28,10,18,https://www.goalnote.net/detail-standings.php?tid=16999
第5地区,NSリーグ,2025,2部A,2,都立武蔵丘高等学校A,武蔵丘,A,15,7,5,0,2,16,11,5,https://www.goalnote.net/detail-standings.php?tid=16999
第5地区,NSリーグ,2025,2部A,3,杉並アヤックスサッカークラブ,杉並アヤックスサッカークラブ,A,12,7,3,3,1,14,8,6,https://www.goalnote.net/detail-standings.php?tid=16999
第5地区,NSリーグ,2025,2部A,4,早稲田大学高等学院C,早大学院,C,10,7,3,1,3,10,11,-1,https://www.goalnote.net/detail-standings.php?tid=16999
第5地区,NSリーグ,2025,2部A,5,都立西高等学校,西,A,10,7,3,1,3,12,15,-3,https://www.goalnote.net/detail-standings.php?tid=16999
第5地区,NSリーグ,2025,2部A,6,日本大学鶴ヶ丘高等学校C,日大鶴ヶ丘,C,8,7,2,2,3,9,8,1,https://www.goalnote.net/detail-standings.php?tid=16999
第5地区,NSリーグ,2025,2部A,7,都立豊多摩高等学校B,豊多摩,B,5,7,1,2,4,7,21,-14,https://www.goalnote.net/detail-standings.php?tid=16999
第5地区,NSリーグ,2025,2部A,8,都立鷺宮高等学校B,鷺宮,B,1,7,0,1,6,9,21,-12,https://www.goalnote.net/detail-standings.php?tid=16999
第5地区,NSリーグ,2025,2部B,1,文化学園大学杉並高等学校,文大杉並,A,18,7,6,0,1,24,6,18,https://www.goalnote.net/detail-standings.php?tid=16999
第5地区,NSリーグ,2025,2部B,2,実践学園高等学校E,実践学園,E,16,7,5,1,1,21,7,14,https://www.goalnote.net/detail-standings.php?tid=16999
第5地区,NSリーグ,2025,2部B,3,中央大学杉並高等学校,中大杉並,A,13,7,4,1,2,24,10,14,https://www.goalnote.net/detail-standings.php?tid=16999
第5地区,NSリーグ,2025,2部B,4,佼成学園高等学校,佼成学園,A,10,7,3,1,3,15,15,0,https://www.goalnote.net/detail-standings.php?tid=16999
第5地区,NSリーグ,2025,2部B,5,杉並ソシオフットボールクラブB,杉並ソシオフットボールクラブ,B,9,7,3,0,4,12,20,-8,https://www.goalnote.net/detail-standings.php?tid=16999
第5地区,NSリーグ,2025,2部B,6,都立光丘高等学校,光丘,A,9,7,3,0,4,6,14,-8,https://www.goalnote.net/detail-standings.php?tid=16999
第5地区,NSリーグ,2025,2部B,7,専修大学附属高等学校B,専修大附,B,4,7,1,1,5,7,25,-18,https://www.goalnote.net/detail-standings.php?tid=16999
第5地区,NSリーグ,2025,2部B,8,日本大学第二高等学校B,日大二,B,3,7,1,0,6,8,20,-12,https://www.goalnote.net/detail-standings.php?tid=16999
第5地区,NSリーグ,2025,3部A,1,明治大学付属中野高等学校B,明大中野,B,15,5,5,0,0,18,2,16,https://www.goalnote.net/detail-standings.php?tid=16999
第5地区,NSリーグ,2025,3部A,2,堀越高等学校C,堀越,C,12,5,4,0,1,32,4,28,https://www.goalnote.net/detail-standings.php?tid=16999
第5地区,NSリーグ,2025,3部A,3,杉並学院高等学校A,杉並学院,A,9,5,3,0,2,7,15,-8,https://www.goalnote.net/detail-standings.php?tid=16999
第5地区,NSリーグ,2025,3部A,4,都立富士高等学校,富士,A,4,5,1,1,3,7,21,-14,https://www.goalnote.net/detail-standings.php?tid=16999
第5地区,NSリーグ,2025,3部A,5,都立杉並高等学校,杉並,A,3,5,1,0,4,8,17,-9,https://www.goalnote.net/detail-standings.php?tid=16999
第5地区,NSリーグ,2025,3部A,6,都立井草高等学校,井草,A,1,5,0,1,4,5,18,-13,https://www.goalnote.net/detail-standings.php?tid=16999
第5地区,NSリーグ,2025,3部B,1,都立武蔵丘高等学校B,武蔵丘,B,12,5,4,0,1,13,4,9,https://www.goalnote.net/detail-standings.php?tid=16999
第5地区,NSリーグ,2025,3部B,2,東京大学教育学部附属中等教育学校,東京大学教育学部附属中等教育学校,A,11,5,3,2,0,19,6,13,https://www.goalnote.net/detail-standings.php?tid=16999
第5地区,NSリーグ,2025,3部B,3,都立田無高等学校,田無,A,9,5,3,0,2,11,6,5,https://www.goalnote.net/detail-standings.php?tid=16999
第5地区,NSリーグ,2025,3部B,4,武蔵野大学高等学校,武蔵野大高,A,7,5,2,1,2,15,7,8,https://www.goalnote.net/detail-standings.php?tid=16999
第5地区,NSリーグ,2025,3部B,5,都立杉並総合高等学校,杉並総合,A,4,5,1,1,3,7,18,-11,https://www.goalnote.net/detail-standings.php?tid=16999
第5地区,NSリーグ,2025,3部B,6,杉並学院高等学校B,杉並学院,B,0,5,0,0,5,2,26,-24,https://www.goalnote.net/detail-standings.php?tid=16999
第5地区,NSリーグ,2025,3部C,1,都立保谷高等学校C,保谷,C,18,6,6,0,0,23,1,22,https://www.goalnote.net/detail-standings.php?tid=16999
第5地区,NSリーグ,2025,3部C,2,東京学芸大学附属国際中等教育学校,東京学芸大学附属国際中等教育学校,A,12,6,4,0,2,33,9,24,https://www.goalnote.net/detail-standings.php?tid=16999
第5地区,NSリーグ,2025,3部C,3,都立大泉高等学校,大泉,A,12,6,4,0,2,29,10,19,https://www.goalnote.net/detail-standings.php?tid=16999
第5地区,NSリーグ,2025,3部C,4,東京立正高等学校,東京立正,A,9,6,3,0,3,15,12,3,https://www.goalnote.net/detail-standings.php?tid=16999
第5地区,NSリーグ,2025,3部C,5,宝仙学園高等学校,宝仙学園,A,9,6,3,0,3,13,19,-6,https://www.goalnote.net/detail-standings.php?tid=16999
第5地区,NSリーグ,2025,3部C,6,都立練馬高等学校,練馬,A,3,6,1,0,5,4,23,-19,https://www.goalnote.net/detail-standings.php?tid=16999
第5地区,NSリーグ,2025,3部C,7,都立田柄高等学校,田柄,A,0,6,0,0,6,2,45,-43,https://www.goalnote.net/detail-standings.php?tid=16999
第7地区,第7地区ユースリーグ,2025,1部,1,アローレ八王子U-18,アローレ八王子U-18,A,24,,,,,,,,https://sites.google.com/view/youthleague-7/archives/2025/Scores/1
第7地区,第7地区ユースリーグ,2025,1部,2,大成C,大成,C,24,,,,,,,,https://sites.google.com/view/youthleague-7/archives/2025/Scores/1
第7地区,第7地区ユースリーグ,2025,1部,3,調布南A,調布南,A,22,,,,,,,,https://sites.google.com/view/youthleague-7/archives/2025/Scores/1
第7地区,第7地区ユースリーグ,2025,1部,4,昭和第一学園B,昭和第一学園,B,13,,,,,,,,https://sites.google.com/view/youthleague-7/archives/2025/Scores/1
第7地区,第7地区ユースリーグ,2025,1部,5,八王子東A,八王子東,A,10,,,,,,,,https://sites.google.com/view/youthleague-7/archives/2025/Scores/1
第7地区,第7地区ユースリーグ,2025,1部,6,三鷹中等,三鷹中等,A,10,,,,,,,,https://sites.google.com/view/youthleague-7/archives/2025/Scores/1
第7地区,第7地区ユースリーグ,2025,1部,7,府中東,府中東,A,9,,,,,,,,https://sites.google.com/view/youthleague-7/archives/2025/Scores/1
第7地区,第7地区ユースリーグ,2025,1部,8,桐朋,桐朋,A,8,,,,,,,,https://sites.google.com/view/youthleague-7/archives/2025/Scores/1
第7地区,第7地区ユースリーグ,2025,1部,9,明大明治B,明大明治,B,6,,,,,,,,https://sites.google.com/view/youthleague-7/archives/2025/Scores/1
第7地区,第7地区ユースリーグ,2025,1部,10,立川A,立川,A,3,,,,,,,,https://sites.google.com/view/youthleague-7/archives/2025/Scores/1
第7地区,第7地区ユースリーグ,2025,2部A,1,星槎国際八王子,星槎国際八王子,A,21,,,,,,,,https://sites.google.com/view/youthleague-7/archives/2025/Scores/2a
第7地区,第7地区ユースリーグ,2025,2部A,2,明大八王子B,明大八王子,B,15,,,,,,,,https://sites.google.com/view/youthleague-7/archives/2025/Scores/2a
第7地区,第7地区ユースリーグ,2025,2部A,3,松が谷A,松が谷,A,15,,,,,,,,https://sites.google.com/view/youthleague-7/archives/2025/Scores/2a
第7地区,第7地区ユースリーグ,2025,2部A,4,永山,永山,A,9,,,,,,,,https://sites.google.com/view/youthleague-7/archives/2025/Scores/2a
第7地区,第7地区ユースリーグ,2025,2部A,5,日野台B,日野台,B,9,,,,,,,,https://sites.google.com/view/youthleague-7/archives/2025/Scores/2a
第7地区,第7地区ユースリーグ,2025,2部A,6,国立B,国立,B,7,,,,,,,,https://sites.google.com/view/youthleague-7/archives/2025/Scores/2a
第7地区,第7地区ユースリーグ,2025,2部A,7,調布北,調布北,A,7,,,,,,,,https://sites.google.com/view/youthleague-7/archives/2025/Scores/2a
第7地区,第7地区ユースリーグ,2025,2部A,8,LSS MITAKA,LSSMITAK,A,0,,,,,,,,https://sites.google.com/view/youthleague-7/archives/2025/Scores/2a
第7地区,第7地区ユースリーグ,2025,2部A,,片倉B,片倉,B,,,,,,,,,https://sites.google.com/view/youthleague-7/archives/2025/Scores/2a
第7地区,第7地区ユースリーグ,2025,2部B,1,明星学園B,明星学園,B,24,,,,,,,,https://sites.google.com/view/youthleague-7/archives/2025/Scores/2b
第7地区,第7地区ユースリーグ,2025,2部B,2,法政大学,法政大高,A,21,,,,,,,,https://sites.google.com/view/youthleague-7/archives/2025/Scores/2b
第7地区,第7地区ユースリーグ,2025,2部B,3,富士森,富士森,A,14,,,,,,,,https://sites.google.com/view/youthleague-7/archives/2025/Scores/2b
第7地区,第7地区ユースリーグ,2025,2部B,4,八王子,八王子,A,13,,,,,,,,https://sites.google.com/view/youthleague-7/archives/2025/Scores/2b
第7地区,第7地区ユースリーグ,2025,2部B,5,穎明館,穎明館,A,11,,,,,,,,https://sites.google.com/view/youthleague-7/archives/2025/Scores/2b
第7地区,第7地区ユースリーグ,2025,2部B,6,翔陽,翔陽,A,9,,,,,,,,https://sites.google.com/view/youthleague-7/archives/2025/Scores/2b
第7地区,第7地区ユースリーグ,2025,2部B,7,三鷹中等B,三鷹中等,B,4,,,,,,,,https://sites.google.com/view/youthleague-7/archives/2025/Scores/2b
第7地区,第7地区ユースリーグ,2025,2部B,8,府中東セカンド,府中東セカンド,A,4,,,,,,,,https://sites.google.com/view/youthleague-7/archives/2025/Scores/2b
第7地区,第7地区ユースリーグ,2025,2部B,9,GA,GA,A,4,,,,,,,,https://sites.google.com/view/youthleague-7/archives/2025/Scores/2b
第7地区,第7地区ユースリーグ,2025,3部A,1,八王子北,八王子北,A,21,,,,,,,,https://sites.google.com/view/youthleague-7/archives/2025/Scores/3a
第7地区,第7地区ユースリーグ,2025,3部A,2,工学院,工学院,A,21,,,,,,,,https://sites.google.com/view/youthleague-7/archives/2025/Scores/3a
第7地区,第7地区ユースリーグ,2025,3部A,3,南平,南平,A,16,,,,,,,,https://sites.google.com/view/youthleague-7/archives/2025/Scores/3a
第7地区,第7地区ユースリーグ,2025,3部A,4,調布南B,調布南,B,16,,,,,,,,https://sites.google.com/view/youthleague-7/archives/2025/Scores/3a
第7地区,第7地区ユースリーグ,2025,3部A,5,富士森B,富士森,B,12,,,,,,,,https://sites.google.com/view/youthleague-7/archives/2025/Scores/3a
第7地区,第7地区ユースリーグ,2025,3部A,6,府中西,府中西,A,7,,,,,,,,https://sites.google.com/view/youthleague-7/archives/2025/Scores/3a
第7地区,第7地区ユースリーグ,2025,3部A,7,八王子実践,八王子実践,A,7,,,,,,,,https://sites.google.com/view/youthleague-7/archives/2025/Scores/3a
第7地区,第7地区ユースリーグ,2025,3部A,8,松が谷B,松が谷,B,4,,,,,,,,https://sites.google.com/view/youthleague-7/archives/2025/Scores/3a
第7地区,第7地区ユースリーグ,2025,3部A,9,府中東サテライト,府中東サテライト,A,1,,,,,,,,https://sites.google.com/view/youthleague-7/archives/2025/Scores/3a
第7地区,第7地区ユースリーグ,2025,3部B,1,昭和第一学園C,昭和第一学園,C,22,,,,,,,,https://sites.google.com/view/youthleague-7/archives/2025/Scores/3b
第7地区,第7地区ユースリーグ,2025,3部B,2,アローレ八王子B,アローレ八王子,B,22,,,,,,,,https://sites.google.com/view/youthleague-7/archives/2025/Scores/3b
第7地区,第7地区ユースリーグ,2025,3部B,3,法政大学B,法政大高,B,13,,,,,,,,https://sites.google.com/view/youthleague-7/archives/2025/Scores/3b
第7地区,第7地区ユースリーグ,2025,3部B,4,府中,府中,A,13,,,,,,,,https://sites.google.com/view/youthleague-7/archives/2025/Scores/3b
第7地区,第7地区ユースリーグ,2025,3部B,5,日野,日野,A,12,,,,,,,,https://sites.google.com/view/youthleague-7/archives/2025/Scores/3b
第7地区,第7地区ユースリーグ,2025,3部B,6,明星,明星,A,10,,,,,,,,https://sites.google.com/view/youthleague-7/archives/2025/Scores/3b
第7地区,第7地区ユースリーグ,2025,3部B,7,神代,神代,A,10,,,,,,,,https://sites.google.com/view/youthleague-7/archives/2025/Scores/3b
第7地区,第7地区ユースリーグ,2025,3部B,8,明大明治C,明大明治,C,3,,,,,,,,https://sites.google.com/view/youthleague-7/archives/2025/Scores/3b
第7地区,第7地区ユースリーグ,2025,3部B,9,立川国際,立川国際中等,A,0,,,,,,,,https://sites.google.com/view/youthleague-7/archives/2025/Scores/3b
第1地区,リバーサイドユースリーグ,2024,1部,1,南葛飾A,南葛飾,A,27,9,9,0,0,34,8,26,https://junior-soccer.jp/sp/kanto/tokyo/league/order/49170
第1地区,リバーサイドユースリーグ,2024,1部,2,南葛SC,南葛SC,A,21,9,7,0,2,55,9,46,https://junior-soccer.jp/sp/kanto/tokyo/league/order/49170
第1地区,リバーサイドユースリーグ,2024,1部,3,深川A,深川,A,19,9,6,1,2,24,11,13,https://junior-soccer.jp/sp/kanto/tokyo/league/order/49170
第1地区,リバーサイドユースリーグ,2024,1部,4,紅葉川A,紅葉川,A,18,9,6,0,3,25,15,10,https://junior-soccer.jp/sp/kanto/tokyo/league/order/49170
第1地区,リバーサイドユースリーグ,2024,1部,5,小松川,小松川,A,13,9,4,1,4,16,21,-5,https://junior-soccer.jp/sp/kanto/tokyo/league/order/49170
第1地区,リバーサイドユースリーグ,2024,1部,6,葛飾野B,葛飾野,B,10,9,3,1,5,23,22,1,https://junior-soccer.jp/sp/kanto/tokyo/league/order/49170
第1地区,リバーサイドユースリーグ,2024,1部,7,江戸川A,江戸川,A,10,9,3,1,5,24,32,-8,https://junior-soccer.jp/sp/kanto/tokyo/league/order/49170
第1地区,リバーサイドユースリーグ,2024,1部,8,城東B,城東,B,10,9,3,1,5,13,25,-12,https://junior-soccer.jp/sp/kanto/tokyo/league/order/49170
第1地区,リバーサイドユースリーグ,2024,1部,9,東京23FC,東京23FC,A,3,9,1,0,8,11,56,-45,https://junior-soccer.jp/sp/kanto/tokyo/league/order/49170
第1地区,リバーサイドユースリーグ,2024,1部,10,東B,東B,A,1,9,0,1,8,2,28,-26,https://junior-soccer.jp/sp/kanto/tokyo/league/order/49170
第1地区,リバーサイドユースリーグ,2024,2部A,1,修徳D,修徳,D,22,8,7,1,0,22,5,17,https://junior-soccer.jp/sp/kanto/tokyo/league/order/49171
第1地区,リバーサイドユースリーグ,2024,2部A,2,かえつ有明C,かえつ有明,C,19,8,6,1,1,25,14,11,https://junior-soccer.jp/sp/kanto/tokyo/league/order/49171
第1地区,リバーサイドユースリーグ,2024,2部A,3,開成A,開成,A,16,8,5,1,2,19,5,14,https://junior-soccer.jp/sp/kanto/tokyo/league/order/49171
第1地区,リバーサイドユースリーグ,2024,2部A,4,墨田川,墨田川,A,15,8,5,0,3,20,13,7,https://junior-soccer.jp/sp/kanto/tokyo/league/order/49171
第1地区,リバーサイドユースリーグ,2024,2部A,5,安田学園,安田学園,A,11,8,3,2,3,12,11,1,https://junior-soccer.jp/sp/kanto/tokyo/league/order/49171
第1地区,リバーサイドユースリーグ,2024,2部A,6,紅葉川Ｉ,紅葉川I,A,8,8,2,2,4,17,19,-2,https://junior-soccer.jp/sp/kanto/tokyo/league/order/49171
第1地区,リバーサイドユースリーグ,2024,2部A,7,葛飾商業,葛飾商業,A,6,8,2,0,6,8,17,-9,https://junior-soccer.jp/sp/kanto/tokyo/league/order/49171
第1地区,リバーサイドユースリーグ,2024,2部A,8,共栄学園,共栄学園,A,4,8,1,1,6,10,23,-13,https://junior-soccer.jp/sp/kanto/tokyo/league/order/49171
第1地区,リバーサイドユースリーグ,2024,2部A,9,江戸川B,江戸川,B,3,8,1,0,7,6,32,-26,https://junior-soccer.jp/sp/kanto/tokyo/league/order/49171
第1地区,リバーサイドユースリーグ,2024,2部B,1,かえつ有明B,かえつ有明,B,25,9,8,1,0,68,2,66,https://junior-soccer.jp/sp/kanto/tokyo/league/order/49172
第1地区,リバーサイドユースリーグ,2024,2部B,2,両国,両国,A,21,9,6,3,0,26,5,21,https://junior-soccer.jp/sp/kanto/tokyo/league/order/49172
第1地区,リバーサイドユースリーグ,2024,2部B,3,葛飾野C,葛飾野,C,17,9,5,2,2,23,16,7,https://junior-soccer.jp/sp/kanto/tokyo/league/order/49172
第1地区,リバーサイドユースリーグ,2024,2部B,4,南葛飾B,南葛飾,B,15,9,5,0,4,27,16,11,https://junior-soccer.jp/sp/kanto/tokyo/league/order/49172
第1地区,リバーサイドユースリーグ,2024,2部B,5,葛飾総合,葛飾総合,A,10,7,3,1,3,10,21,-11,https://junior-soccer.jp/sp/kanto/tokyo/league/order/49172
第1地区,リバーサイドユースリーグ,2024,2部B,6,深川B,深川,B,9,7,3,0,4,9,19,-10,https://junior-soccer.jp/sp/kanto/tokyo/league/order/49172
第1地区,リバーサイドユースリーグ,2024,2部B,7,墨田工科,墨田工科,A,9,8,3,0,5,6,33,-27,https://junior-soccer.jp/sp/kanto/tokyo/league/order/49172
第1地区,リバーサイドユースリーグ,2024,2部B,8,日本大学第一,日大一,A,7,8,2,1,5,21,27,-6,https://junior-soccer.jp/sp/kanto/tokyo/league/order/49172
第1地区,リバーサイドユースリーグ,2024,2部B,9,開成B,開成,B,3,8,1,0,7,8,37,-29,https://junior-soccer.jp/sp/kanto/tokyo/league/order/49172
第1地区,リバーサイドユースリーグ,2024,2部B,10,篠崎,篠崎,A,2,8,0,2,6,14,36,-22,https://junior-soccer.jp/sp/kanto/tokyo/league/order/49172
第2地区,DUOリーグ,2024,グループA,1,学習院,学習院,A,24,9,8,0,1,56,6,50,https://www.goalnote.net/detail-standings.php?tid=15652
第2地区,DUOリーグ,2024,グループA,2,都立豊島A,豊島,A,24,9,8,0,1,32,12,20,https://www.goalnote.net/detail-standings.php?tid=15652
第2地区,DUOリーグ,2024,グループA,3,立教池袋,立教池袋,A,21,9,7,0,2,25,13,12,https://www.goalnote.net/detail-standings.php?tid=15652
第2地区,DUOリーグ,2024,グループA,4,淑徳巣鴨A,淑徳巣鴨,A,18,9,6,0,3,23,4,19,https://www.goalnote.net/detail-standings.php?tid=15652
第2地区,DUOリーグ,2024,グループA,5,日大豊山C,日大豊山,C,11,9,3,2,4,18,22,-4,https://www.goalnote.net/detail-standings.php?tid=15652
第2地区,DUOリーグ,2024,グループA,6,文京A,文京,A,10,9,3,1,5,15,29,-14,https://www.goalnote.net/detail-standings.php?tid=15652
第2地区,DUOリーグ,2024,グループA,7,郁文館A,郁文館,A,9,9,2,3,4,13,33,-20,https://www.goalnote.net/detail-standings.php?tid=15652
第2地区,DUOリーグ,2024,グループA,8,都立江北,江北,A,7,9,1,4,4,16,26,-10,https://www.goalnote.net/detail-standings.php?tid=15652
第2地区,DUOリーグ,2024,グループA,9,足立新田,足立新田,A,4,9,1,1,7,10,33,-23,https://www.goalnote.net/detail-standings.php?tid=15652
第2地区,DUOリーグ,2024,グループA,10,豊島学院B,豊島学院,B,1,9,0,1,8,9,39,-30,https://www.goalnote.net/detail-standings.php?tid=15652
第2地区,DUOリーグ,2024,グループB,1,駒込B,駒込,B,16,7,5,1,1,28,8,20,https://www.goalnote.net/detail-standings.php?tid=15652
第2地区,DUOリーグ,2024,グループB,2,城西,城西,A,16,7,5,1,1,18,10,8,https://www.goalnote.net/detail-standings.php?tid=15652
第2地区,DUOリーグ,2024,グループB,3,筑波大附属,筑波大学附属,A,13,7,4,1,2,9,8,1,https://www.goalnote.net/detail-standings.php?tid=15652
第2地区,DUOリーグ,2024,グループB,4,向丘A,向丘,A,11,7,3,2,2,12,20,-8,https://www.goalnote.net/detail-standings.php?tid=15652
第2地区,DUOリーグ,2024,グループB,5,淑徳巣鴨B,淑徳巣鴨,B,10,7,3,1,3,11,16,-5,https://www.goalnote.net/detail-standings.php?tid=15652
第2地区,DUOリーグ,2024,グループB,6,足立学園,足立学園,A,9,7,3,0,4,10,7,3,https://www.goalnote.net/detail-standings.php?tid=15652
第2地区,DUOリーグ,2024,グループB,7,獨協,獨協,A,4,7,1,1,5,6,13,-7,https://www.goalnote.net/detail-standings.php?tid=15652
第2地区,DUOリーグ,2024,グループB,8,竹早,竹早,A,1,7,0,1,6,5,17,-12,https://www.goalnote.net/detail-standings.php?tid=15652
第2地区,DUOリーグ,2024,グループC,1,豊南A,豊南,A,18,7,6,0,1,19,9,10,https://www.goalnote.net/detail-standings.php?tid=15652
第2地区,DUOリーグ,2024,グループC,2,京華A,京華,A,14,7,4,2,1,18,8,10,https://www.goalnote.net/detail-standings.php?tid=15652
第2地区,DUOリーグ,2024,グループC,3,小石川,小石川,A,13,7,4,1,2,14,9,5,https://www.goalnote.net/detail-standings.php?tid=15652
第2地区,DUOリーグ,2024,グループC,4,都立足立A,足立,A,12,7,3,3,1,11,8,3,https://www.goalnote.net/detail-standings.php?tid=15652
第2地区,DUOリーグ,2024,グループC,5,都立豊島B,豊島,B,10,7,3,1,3,11,13,-2,https://www.goalnote.net/detail-standings.php?tid=15652
第2地区,DUOリーグ,2024,グループC,6,昭和第一A,昭和第一,A,6,7,1,3,3,11,13,-2,https://www.goalnote.net/detail-standings.php?tid=15652
第2地区,DUOリーグ,2024,グループC,7,巣鴨,巣鴨,A,5,7,1,2,4,6,11,-5,https://www.goalnote.net/detail-standings.php?tid=15652
第2地区,DUOリーグ,2024,グループC,8,中大高,中大高,A,0,7,0,0,7,3,22,-19,https://www.goalnote.net/detail-standings.php?tid=15652
第2地区,DUOリーグ,2024,グループD,1,淵江,淵江,A,15,6,5,0,1,25,4,21,https://www.goalnote.net/detail-standings.php?tid=15652
第2地区,DUOリーグ,2024,グループD,2,足立西,足立西,A,13,6,4,1,1,12,4,8,https://www.goalnote.net/detail-standings.php?tid=15652
第2地区,DUOリーグ,2024,グループD,3,FC西巣鴨,FC西巣鴨,A,13,6,4,1,1,14,9,5,https://www.goalnote.net/detail-standings.php?tid=15652
第2地区,DUOリーグ,2024,グループD,4,青井,青井,A,6,6,2,0,4,9,19,-10,https://www.goalnote.net/detail-standings.php?tid=15652
第2地区,DUOリーグ,2024,グループD,5,向丘B,向丘,B,5,6,1,2,3,5,6,-1,https://www.goalnote.net/detail-standings.php?tid=15652
第2地区,DUOリーグ,2024,グループD,6,貞静,貞静,A,4,6,1,1,4,5,16,-11,https://www.goalnote.net/detail-standings.php?tid=15652
第2地区,DUOリーグ,2024,グループD,7,京華商業,京華商業,A,3,6,0,3,3,3,15,-12,https://www.goalnote.net/detail-standings.php?tid=15652
第2地区,DUOリーグ,2024,グループE,1,東洋大京北,東洋大京北,A,16,6,5,1,0,36,5,31,https://www.goalnote.net/detail-standings.php?tid=15652
第2地区,DUOリーグ,2024,グループE,2,豊南B,豊南,B,16,6,5,1,0,20,5,15,https://www.goalnote.net/detail-standings.php?tid=15652
第2地区,DUOリーグ,2024,グループE,3,昭和第一B,昭和第一,B,10,6,3,1,2,12,22,-10,https://www.goalnote.net/detail-standings.php?tid=15652
第2地区,DUOリーグ,2024,グループE,4,豊島学院C,豊島学院,C,7,6,2,1,3,9,11,-2,https://www.goalnote.net/detail-standings.php?tid=15652
第2地区,DUOリーグ,2024,グループE,5,京華B,京華,B,7,6,2,1,3,10,18,-8,https://www.goalnote.net/detail-standings.php?tid=15652
第2地区,DUOリーグ,2024,グループE,6,足立東,足立東,A,4,6,1,1,4,6,14,-8,https://www.goalnote.net/detail-standings.php?tid=15652
第2地区,DUOリーグ,2024,グループE,7,千早,千早,A,0,6,0,0,6,0,18,-18,https://www.goalnote.net/detail-standings.php?tid=15652
第3地区,第3地区ユースリーグ,2024,1部,1,成立学園C,成立学園,C,,,,,,,,,https://www.juniorsoccer-news.com/post-1629009
第3地区,第3地区ユースリーグ,2024,1部,2,東京成徳B,東京成徳大高,B,,,,,,,,,https://www.juniorsoccer-news.com/post-1629009
第3地区,第3地区ユースリーグ,2024,1部,3,都立高島,高島,A,,,,,,,,,https://www.juniorsoccer-news.com/post-1629009
第3地区,第3地区ユースリーグ,2024,1部,4,駿台学園C,駿台学園,C,,,,,,,,,https://www.juniorsoccer-news.com/post-1629009
第3地区,第3地区ユースリーグ,2024,1部,5,目白研心B,目白研心,B,,,,,,,,,https://www.juniorsoccer-news.com/post-1629009
第3地区,第3地区ユースリーグ,2024,1部,6,保善B,保善,B,,,,,,,,,https://www.juniorsoccer-news.com/post-1629009
第3地区,第3地区ユースリーグ,2024,1部,7,東京朝鮮B,東京朝鮮,B,,,,,,,,,https://www.juniorsoccer-news.com/post-1629009
第3地区,第3地区ユースリーグ,2024,1部,8,トリプレッタ,トリプレッタ,A,,,,,,,,,https://www.juniorsoccer-news.com/post-1629009
第3地区,第3地区ユースリーグ,2024,1部,9,青山学院A,青山学院,A,,,,,,,,,https://www.juniorsoccer-news.com/post-1629009
第3地区,第3地区ユースリーグ,2024,1部,10,成城,成城,A,,,,,,,,,https://www.juniorsoccer-news.com/post-1629009
第3地区,第3地区ユースリーグ,2024,2部A,1,岩倉,岩倉,A,14,6,4,2,0,18,5,13,https://junior-soccer.jp/kanto/tokyo/league/table/47948（試合から計算）
第3地区,第3地区ユースリーグ,2024,2部A,2,淑徳,淑徳,A,13,6,4,1,1,16,6,10,https://junior-soccer.jp/kanto/tokyo/league/table/47948（試合から計算）
第3地区,第3地区ユースリーグ,2024,2部A,3,都立青山,青山,A,10,6,3,1,2,7,13,-6,https://junior-soccer.jp/kanto/tokyo/league/table/47948（試合から計算）
第3地区,第3地区ユースリーグ,2024,2部A,4,Rio,Rio,A,9,6,3,0,3,16,13,3,https://junior-soccer.jp/kanto/tokyo/league/table/47948（試合から計算）
第3地区,第3地区ユースリーグ,2024,2部A,5,東京成徳C,東京成徳大高,C,7,6,2,1,3,11,14,-3,https://junior-soccer.jp/kanto/tokyo/league/table/47948（試合から計算）
第3地区,第3地区ユースリーグ,2024,2部A,6,大東文化第一B,大東文化一,B,6,6,2,0,4,5,13,-8,https://junior-soccer.jp/kanto/tokyo/league/table/47948（試合から計算）
第3地区,第3地区ユースリーグ,2024,2部A,7,目白研心C,目白研心,C,1,6,0,1,5,5,14,-9,https://junior-soccer.jp/kanto/tokyo/league/table/47948（試合から計算）
第3地区,第3地区ユースリーグ,2024,2部B,1,駿台学園D,駿台学園,D,,,,,,,,,https://www.juniorsoccer-news.com/post-1629009
第3地区,第3地区ユースリーグ,2024,2部B,2,都立北園,北園,A,,,,,,,,,https://www.juniorsoccer-news.com/post-1629009
第3地区,第3地区ユースリーグ,2024,2部B,3,都立戸山,戸山,A,,,,,,,,,https://www.juniorsoccer-news.com/post-1629009
第3地区,第3地区ユースリーグ,2024,2部B,4,目白研心D,目白研心,D,,,,,,,,,https://www.juniorsoccer-news.com/post-1629009
第3地区,第3地区ユースリーグ,2024,2部B,5,保善C,保善,C,,,,,,,,,https://www.juniorsoccer-news.com/post-1629009
第3地区,第3地区ユースリーグ,2024,2部B,6,城北B,城北,B,,,,,,,,,https://www.juniorsoccer-news.com/post-1629009
第3地区,第3地区ユースリーグ,2024,2部B,7,成城B,成城,B,,,,,,,,,https://www.juniorsoccer-news.com/post-1629009
第3地区,第3地区ユースリーグ,2024,3部A,1,國學院,国学院,A,,,,,,,,,https://www.juniorsoccer-news.com/post-1629009
第3地区,第3地区ユースリーグ,2024,3部A,2,Criacao Shinjuku,CriacaoShinjuku,A,,,,,,,,,https://www.juniorsoccer-news.com/post-1629009
第3地区,第3地区ユースリーグ,2024,3部A,3,都立新宿,新宿,A,,,,,,,,,https://www.juniorsoccer-news.com/post-1629009
第3地区,第3地区ユースリーグ,2024,3部A,4,青山学院B,青山学院,B,,,,,,,,,https://www.juniorsoccer-news.com/post-1629009
第3地区,第3地区ユースリーグ,2024,3部A,5,RioB,Rio,B,,,,,,,,,https://www.juniorsoccer-news.com/post-1629009
第3地区,第3地区ユースリーグ,2024,3部A,6,都立板橋有徳,板橋有徳,A,,,,,,,,,https://www.juniorsoccer-news.com/post-1629009
第3地区,第3地区ユースリーグ,2024,3部A,7,都立上野,上野,A,,,,,,,,,https://www.juniorsoccer-news.com/post-1629009
第3地区,第3地区ユースリーグ,2024,3部B,1,海城,海城,A,,,,,,,,,https://www.juniorsoccer-news.com/post-1629009
第3地区,第3地区ユースリーグ,2024,3部B,2,城北C,城北,C,,,,,,,,,https://www.juniorsoccer-news.com/post-1629009
第3地区,第3地区ユースリーグ,2024,3部B,3,大智学園,大智学園,A,,,,,,,,,https://www.juniorsoccer-news.com/post-1629009
第3地区,第3地区ユースリーグ,2024,3部B,4,岩倉B,岩倉,B,,,,,,,,,https://www.juniorsoccer-news.com/post-1629009
第3地区,第3地区ユースリーグ,2024,3部B,5,淑徳C,淑徳,C,,,,,,,,,https://www.juniorsoccer-news.com/post-1629009
第3地区,第3地区ユースリーグ,2024,3部B,6,成城C,成城,C,,,,,,,,,https://www.juniorsoccer-news.com/post-1629009
第3地区,第3地区ユースリーグ,2024,3部B,7,渋谷教育,渋谷教育,A,,,,,,,,,https://www.juniorsoccer-news.com/post-1629009
第3地区,第3地区ユースリーグ,2024,3部C,1,早稲田,早稲田,A,18,6,6,0,0,20,6,14,https://junior-soccer.jp/kanto/tokyo/league/table/50057（試合から計算）
第3地区,第3地区ユースリーグ,2024,3部C,2,城北D,城北,D,11,6,3,2,1,19,12,7,https://junior-soccer.jp/kanto/tokyo/league/table/50057（試合から計算）
第3地区,第3地区ユースリーグ,2024,3部C,3,都立第一商業,第一商業,A,10,6,3,1,2,12,8,4,https://junior-soccer.jp/kanto/tokyo/league/table/50057（試合から計算）
第3地区,第3地区ユースリーグ,2024,3部C,4,淑徳B,淑徳,B,8,6,2,2,2,7,9,-2,https://junior-soccer.jp/kanto/tokyo/league/table/50057（試合から計算）
第3地区,第3地区ユースリーグ,2024,3部C,5,都立大山,大山,A,7,6,2,1,3,13,10,3,https://junior-soccer.jp/kanto/tokyo/league/table/50057（試合から計算）
第3地区,第3地区ユースリーグ,2024,3部C,6,クラーク,クラーク,A,4,6,1,1,4,10,27,-17,https://junior-soccer.jp/kanto/tokyo/league/table/50057（試合から計算）
第3地区,第3地区ユースリーグ,2024,3部C,7,保善D,保善,D,1,6,0,1,5,1,10,-9,https://junior-soccer.jp/kanto/tokyo/league/table/50057（試合から計算）
第3地区,第3地区ユースリーグ,2024,3部D,1,駿台学園E,駿台学園,E,15,5,5,0,0,28,6,22,https://junior-soccer.jp/kanto/tokyo/league/table/47953（試合から計算）
第3地区,第3地区ユースリーグ,2024,3部D,2,海城B,海城,B,10,5,3,1,1,16,6,10,https://junior-soccer.jp/kanto/tokyo/league/table/47953（試合から計算）
第3地区,第3地区ユースリーグ,2024,3部D,3,都立白鷗,白鷗,A,9,5,3,0,2,22,19,3,https://junior-soccer.jp/kanto/tokyo/league/table/47953（試合から計算）
第3地区,第3地区ユースリーグ,2024,3部D,4,武蔵野,武蔵野,A,4,5,1,1,3,6,24,-18,https://junior-soccer.jp/kanto/tokyo/league/table/47953（試合から計算）
第3地区,第3地区ユースリーグ,2024,3部D,5,都立板橋,板橋,A,2,5,0,2,3,6,13,-7,https://junior-soccer.jp/kanto/tokyo/league/table/47953（試合から計算）
第3地区,第3地区ユースリーグ,2024,3部D,6,都立広尾,広尾,A,2,5,0,2,3,11,21,-10,https://junior-soccer.jp/kanto/tokyo/league/table/47953（試合から計算）
第4地区,4地区ユースリーグ,2024,1部,1,大森学園B,大森学園,B,21,9,7,0,2,32,14,18,https://www.kawakitanet.com/league_soccer/main.php?pref_cd=8&gameid=9154
第4地区,4地区ユースリーグ,2024,1部,2,都立美原A,美原,A,19,9,6,1,2,24,15,9,https://www.kawakitanet.com/league_soccer/main.php?pref_cd=8&gameid=9154
第4地区,4地区ユースリーグ,2024,1部,3,東海大高輪台D,東海大高輪台,D,16,9,5,1,3,20,16,4,https://www.kawakitanet.com/league_soccer/main.php?pref_cd=8&gameid=9154
第4地区,4地区ユースリーグ,2024,1部,4,芝A,芝A,A,16,9,5,1,3,21,19,2,https://www.kawakitanet.com/league_soccer/main.php?pref_cd=8&gameid=9154
第4地区,4地区ユースリーグ,2024,1部,5,攻玉社A,攻玉社,A,13,9,4,1,4,21,19,2,https://www.kawakitanet.com/league_soccer/main.php?pref_cd=8&gameid=9154
第4地区,4地区ユースリーグ,2024,1部,6,東京実業C,東京実業,C,12,9,4,0,5,19,19,0,https://www.kawakitanet.com/league_soccer/main.php?pref_cd=8&gameid=9154
第4地区,4地区ユースリーグ,2024,1部,7,明治学院,明治学院,A,10,9,3,1,5,10,13,-3,https://www.kawakitanet.com/league_soccer/main.php?pref_cd=8&gameid=9154
第4地区,4地区ユースリーグ,2024,1部,8,日体大荏原B,日体大荏原,B,10,9,3,1,5,16,21,-5,https://www.kawakitanet.com/league_soccer/main.php?pref_cd=8&gameid=9154
第4地区,4地区ユースリーグ,2024,1部,9,高輪,高輪,A,9,9,3,0,6,16,28,-12,https://www.kawakitanet.com/league_soccer/main.php?pref_cd=8&gameid=9154
第4地区,4地区ユースリーグ,2024,1部,10,暁星B,暁星,B,5,9,1,2,6,14,29,-15,https://www.kawakitanet.com/league_soccer/main.php?pref_cd=8&gameid=9154
第4地区,4地区ユースリーグ,2024,2部,1,日体大荏原C,日体大荏原,C,23,9,7,2,0,33,7,26,https://www.kawakitanet.com/league_soccer/main.php?pref_cd=8&gameid=9155
第4地区,4地区ユースリーグ,2024,2部,2,東海大高輪台E,東海大高輪台,E,19,9,6,1,2,17,9,8,https://www.kawakitanet.com/league_soccer/main.php?pref_cd=8&gameid=9155
第4地区,4地区ユースリーグ,2024,2部,3,東京C,東京,C,17,9,5,2,2,15,8,7,https://www.kawakitanet.com/league_soccer/main.php?pref_cd=8&gameid=9155
第4地区,4地区ユースリーグ,2024,2部,4,大森学園C,大森学園,C,15,9,5,0,4,26,24,2,https://www.kawakitanet.com/league_soccer/main.php?pref_cd=8&gameid=9155
第4地区,4地区ユースリーグ,2024,2部,5,東京実業D,東京実業,D,14,9,4,2,3,18,27,-9,https://www.kawakitanet.com/league_soccer/main.php?pref_cd=8&gameid=9155
第4地区,4地区ユースリーグ,2024,2部,6,立正大立正A,立正大立正,A,11,9,3,2,4,25,17,8,https://www.kawakitanet.com/league_soccer/main.php?pref_cd=8&gameid=9155
第4地区,4地区ユースリーグ,2024,2部,7,都立つばさ総合,つばさ総合,A,11,9,3,2,4,14,17,-3,https://www.kawakitanet.com/league_soccer/main.php?pref_cd=8&gameid=9155
第4地区,4地区ユースリーグ,2024,2部,8,都立雪谷,雪谷,A,7,9,2,1,6,18,27,-9,https://www.kawakitanet.com/league_soccer/main.php?pref_cd=8&gameid=9155
第4地区,4地区ユースリーグ,2024,2部,9,正則学園B,正則学園,B,7,9,2,1,6,15,27,-12,https://www.kawakitanet.com/league_soccer/main.php?pref_cd=8&gameid=9155
第4地区,4地区ユースリーグ,2024,2部,10,都立日比谷,日比谷,A,4,9,1,1,7,11,29,-18,https://www.kawakitanet.com/league_soccer/main.php?pref_cd=8&gameid=9155
第4地区,4地区ユースリーグ,2024,3部A,1,日体大荏原D,日体大荏原,D,27,10,9,0,1,36,5,31,https://www.kawakitanet.com/league_soccer/main.php?pref_cd=8&gameid=9156
第4地区,4地区ユースリーグ,2024,3部A,2,正則学園C,正則学園,C,27,10,9,0,1,35,9,26,https://www.kawakitanet.com/league_soccer/main.php?pref_cd=8&gameid=9156
第4地区,4地区ユースリーグ,2024,3部A,3,朋優学院,朋優学院,A,24,10,8,0,2,36,8,28,https://www.kawakitanet.com/league_soccer/main.php?pref_cd=8&gameid=9156
第4地区,4地区ユースリーグ,2024,3部A,4,正則高校,正則,A,18,10,6,0,4,25,19,6,https://www.kawakitanet.com/league_soccer/main.php?pref_cd=8&gameid=9156
第4地区,4地区ユースリーグ,2024,3部A,5,品川翔英,品川翔英,A,15,10,5,0,5,18,24,-6,https://www.kawakitanet.com/league_soccer/main.php?pref_cd=8&gameid=9156
第4地区,4地区ユースリーグ,2024,3部A,6,芝B,芝B,A,12,10,4,0,6,12,25,-13,https://www.kawakitanet.com/league_soccer/main.php?pref_cd=8&gameid=9156
第4地区,4地区ユースリーグ,2024,3部A,7,都立三田,三田,A,9,10,3,0,7,15,29,-14,https://www.kawakitanet.com/league_soccer/main.php?pref_cd=8&gameid=9156
第4地区,4地区ユースリーグ,2024,3部A,8,二松学舎,二松学舎大附,A,9,10,3,0,7,13,40,-27,https://www.kawakitanet.com/league_soccer/main.php?pref_cd=8&gameid=9156
第4地区,4地区ユースリーグ,2024,3部A,9,立正大立正B,立正大立正,B,8,10,2,2,6,18,34,-16,https://www.kawakitanet.com/league_soccer/main.php?pref_cd=8&gameid=9156
第4地区,4地区ユースリーグ,2024,3部A,10,攻玉社B,攻玉社,B,7,10,2,1,7,18,24,-6,https://www.kawakitanet.com/league_soccer/main.php?pref_cd=8&gameid=9156
第4地区,4地区ユースリーグ,2024,3部A,11,羽田国際,羽田国際,A,7,10,2,1,7,9,18,-9,https://www.kawakitanet.com/league_soccer/main.php?pref_cd=8&gameid=9156
第4地区,4地区ユースリーグ,2024,3部B,1,都立小山台,小山台,A,25,9,8,1,0,45,7,38,https://www.kawakitanet.com/league_soccer/main.php?pref_cd=8&gameid=9157
第4地区,4地区ユースリーグ,2024,3部B,2,東京D,東京,D,21,9,7,0,2,27,9,18,https://www.kawakitanet.com/league_soccer/main.php?pref_cd=8&gameid=9157
第4地区,4地区ユースリーグ,2024,3部B,3,大森学園D,大森学園,D,17,9,5,2,2,22,9,13,https://www.kawakitanet.com/league_soccer/main.php?pref_cd=8&gameid=9157
第4地区,4地区ユースリーグ,2024,3部B,4,東京実業E,東京実業,E,15,9,5,0,4,24,12,12,https://www.kawakitanet.com/league_soccer/main.php?pref_cd=8&gameid=9157
第4地区,4地区ユースリーグ,2024,3部B,5,東海大高輪台F,東海大高輪台F,A,15,9,5,0,4,21,19,2,https://www.kawakitanet.com/league_soccer/main.php?pref_cd=8&gameid=9157
第4地区,4地区ユースリーグ,2024,3部B,6,文教大付属,文教大付,A,13,9,4,1,4,14,15,-1,https://www.kawakitanet.com/league_soccer/main.php?pref_cd=8&gameid=9157
第4地区,4地区ユースリーグ,2024,3部B,7,麻布,麻布,A,10,9,3,1,5,13,14,-1,https://www.kawakitanet.com/league_soccer/main.php?pref_cd=8&gameid=9157
第4地区,4地区ユースリーグ,2024,3部B,8,青稜B,青稜,B,8,9,2,2,5,7,23,-16,https://www.kawakitanet.com/league_soccer/main.php?pref_cd=8&gameid=9157
第4地区,4地区ユースリーグ,2024,3部B,9,広尾学園,広尾学園,A,6,9,2,0,7,13,35,-22,https://www.kawakitanet.com/league_soccer/main.php?pref_cd=8&gameid=9157
第4地区,4地区ユースリーグ,2024,3部B,10,都立美原B,美原,B,1,9,0,1,8,2,45,-43,https://www.kawakitanet.com/league_soccer/main.php?pref_cd=8&gameid=9157
第5地区,NSリーグ,2024,1部,1,専大附属A,専大附属,A,21,9,7,0,2,26,8,18,https://www.goalnote.net/detail-standings.php?tid=15685
第5地区,NSリーグ,2024,1部,2,実践学園D,実践学園,D,17,9,5,2,2,18,14,4,https://www.goalnote.net/detail-standings.php?tid=15685
第5地区,NSリーグ,2024,1部,3,杉並ソシオA,杉並ソシオ,A,16,9,5,1,3,19,19,0,https://www.goalnote.net/detail-standings.php?tid=15685
第5地区,NSリーグ,2024,1部,4,都鷺宮A,鷺宮,A,15,9,4,3,2,18,14,4,https://www.goalnote.net/detail-standings.php?tid=15685
第5地区,NSリーグ,2024,1部,5,國學院久我山E,国学院久我山,E,15,9,5,0,4,23,24,-1,https://www.goalnote.net/detail-standings.php?tid=15685
第5地区,NSリーグ,2024,1部,6,都豊多摩A,豊多摩,A,12,9,3,3,3,14,12,2,https://www.goalnote.net/detail-standings.php?tid=15685
第5地区,NSリーグ,2024,1部,7,早大学院B,早大学院,B,11,9,3,2,4,16,19,-3,https://www.goalnote.net/detail-standings.php?tid=15685
第5地区,NSリーグ,2024,1部,8,日大鶴ケ丘B,日大鶴ヶ丘,B,8,9,1,5,3,14,20,-6,https://www.goalnote.net/detail-standings.php?tid=15685
第5地区,NSリーグ,2024,1部,9,都武蔵丘A,武蔵丘,A,8,9,2,2,5,14,21,-7,https://www.goalnote.net/detail-standings.php?tid=15685
第5地区,NSリーグ,2024,1部,10,中大杉並,中大杉並,A,2,9,0,2,7,8,19,-11,https://www.goalnote.net/detail-standings.php?tid=15685
第5地区,NSリーグ,2024,2部A,1,都石神井B,石神井,B,21,7,7,0,0,25,2,23,https://www.goalnote.net/detail-standings.php?tid=15685
第5地区,NSリーグ,2024,2部A,2,早大学院C,早大学院,C,15,7,5,0,2,19,8,11,https://www.goalnote.net/detail-standings.php?tid=15685
第5地区,NSリーグ,2024,2部A,3,杉並ソシオＢ,杉並ソシオ,B,12,7,4,0,3,15,15,0,https://www.goalnote.net/detail-standings.php?tid=15685
第5地区,NSリーグ,2024,2部A,4,都西,都西,A,10,7,3,1,3,11,17,-6,https://www.goalnote.net/detail-standings.php?tid=15685
第5地区,NSリーグ,2024,2部A,5,日大二B,日大二,B,10,7,3,1,3,5,11,-6,https://www.goalnote.net/detail-standings.php?tid=15685
第5地区,NSリーグ,2024,2部A,6,アヤックス,アヤックス,A,9,8,3,0,5,13,21,-8,https://www.goalnote.net/detail-standings.php?tid=15685
第5地区,NSリーグ,2024,2部A,7,都光丘,光丘,A,7,7,2,1,4,11,11,0,https://www.goalnote.net/detail-standings.php?tid=15685
第5地区,NSリーグ,2024,2部A,8,都田無,田無,A,1,7,0,1,6,6,19,-13,https://www.goalnote.net/detail-standings.php?tid=15685
第5地区,NSリーグ,2024,2部B,1,杉並FC,杉並FC,A,18,7,6,0,1,18,3,15,https://www.goalnote.net/detail-standings.php?tid=15685
第5地区,NSリーグ,2024,2部B,2,実践学園E,実践学園,E,15,7,5,0,2,20,7,13,https://www.goalnote.net/detail-standings.php?tid=15685
第5地区,NSリーグ,2024,2部B,3,都保谷B,保谷,B,15,7,5,0,2,19,11,8,https://www.goalnote.net/detail-standings.php?tid=15685
第5地区,NSリーグ,2024,2部B,4,文大杉並,文大杉並,A,12,7,4,0,3,25,7,18,https://www.goalnote.net/detail-standings.php?tid=15685
第5地区,NSリーグ,2024,2部B,5,日大鶴ケ丘C,日大鶴ヶ丘,C,12,7,4,0,3,11,13,-2,https://www.goalnote.net/detail-standings.php?tid=15685
第5地区,NSリーグ,2024,2部B,6,専大附属B,専大附属,B,9,7,3,0,4,12,16,-4,https://www.goalnote.net/detail-standings.php?tid=15685
第5地区,NSリーグ,2024,2部B,7,杉並学院A,杉並学院,A,3,8,1,0,7,13,32,-19,https://www.goalnote.net/detail-standings.php?tid=15685
第5地区,NSリーグ,2024,2部B,8,都大泉,大泉,A,0,7,0,0,7,2,32,-30,https://www.goalnote.net/detail-standings.php?tid=15685
第5地区,NSリーグ,2024,3部A,1,都豊多摩B,豊多摩,B,9,5,2,3,0,16,1,15,https://www.goalnote.net/detail-standings.php?tid=15685
第5地区,NSリーグ,2024,3部A,2,都杉並,杉並,A,9,5,2,3,0,9,2,7,https://www.goalnote.net/detail-standings.php?tid=15685
第5地区,NSリーグ,2024,3部A,3,東大附属,東大附属,A,9,5,2,3,0,12,8,4,https://www.goalnote.net/detail-standings.php?tid=15685
第5地区,NSリーグ,2024,3部A,4,東京立正,東京立正,A,5,5,1,2,2,4,8,-4,https://www.goalnote.net/detail-standings.php?tid=15685
第5地区,NSリーグ,2024,3部A,5,都富士,富士,A,5,5,1,2,2,5,10,-5,https://www.goalnote.net/detail-standings.php?tid=15685
第5地区,NSリーグ,2024,3部A,6,杉並学院B,杉並学院,B,1,5,0,1,4,3,20,-17,https://www.goalnote.net/detail-standings.php?tid=15685
第5地区,NSリーグ,2024,3部B,1,佼成学園,佼成学園,A,13,5,4,1,0,19,3,16,https://www.goalnote.net/detail-standings.php?tid=15685
第5地区,NSリーグ,2024,3部B,2,武蔵野大学,武蔵野大高,A,12,5,4,0,1,20,8,12,https://www.goalnote.net/detail-standings.php?tid=15685
第5地区,NSリーグ,2024,3部B,3,都保谷C,保谷,C,7,5,2,1,2,9,9,0,https://www.goalnote.net/detail-standings.php?tid=15685
第5地区,NSリーグ,2024,3部B,4,都井草,井草,A,4,5,1,1,3,3,8,-5,https://www.goalnote.net/detail-standings.php?tid=15685
第5地区,NSリーグ,2024,3部B,5,都杉並総合,杉並総合,A,4,5,1,1,3,1,18,-17,https://www.goalnote.net/detail-standings.php?tid=15685
第5地区,NSリーグ,2024,3部B,6,宝仙学園,宝仙学園,A,3,5,1,0,4,5,11,-6,https://www.goalnote.net/detail-standings.php?tid=15685
第5地区,NSリーグ,2024,3部C,1,都鷺宮B,鷺宮,B,12,5,4,0,1,22,4,18,https://www.goalnote.net/detail-standings.php?tid=15685
第5地区,NSリーグ,2024,3部C,2,学大国際,学芸大国際,A,9,5,3,0,2,28,18,10,https://www.goalnote.net/detail-standings.php?tid=15685
第5地区,NSリーグ,2024,3部C,3,明大中野B,明大中野,B,9,5,3,0,2,21,11,10,https://www.goalnote.net/detail-standings.php?tid=15685
第5地区,NSリーグ,2024,3部C,4,都武蔵丘B,武蔵丘,B,6,5,2,0,3,15,14,1,https://www.goalnote.net/detail-standings.php?tid=15685
第5地区,NSリーグ,2024,3部C,5,都練馬,練馬,A,4,5,1,1,3,9,28,-19,https://www.goalnote.net/detail-standings.php?tid=15685
第5地区,NSリーグ,2024,3部C,6,第四商業,第四商業,A,4,5,1,1,3,7,27,-20,https://www.goalnote.net/detail-standings.php?tid=15685
第6地区,第6地区リーグU-18（通称・第6地区ユースリーグ）,2024,3部A,5,芦花,芦花,A,12,8,4,0,4,,,,https://www.metro.ed.jp/roka-h/activities/2025/01/clubentry_90.html
第7地区,第7地区ユースリーグ,2024,1部,1,Raiz Chofu F.C U-18,RaizChofuF.CU-18,A,27,,,,,,,,https://sites.google.com/view/youthleague-7/archives/2024/Scores/1st-division
第7地区,第7地区ユースリーグ,2024,1部,2,大成C,大成,C,22,,,,,,,,https://sites.google.com/view/youthleague-7/archives/2024/Scores/1st-division
第7地区,第7地区ユースリーグ,2024,1部,3,アローレ八王子U-18,アローレ八王子U-18,A,21,,,,,,,,https://sites.google.com/view/youthleague-7/archives/2024/Scores/1st-division
第7地区,第7地区ユースリーグ,2024,1部,4,三鷹中等,三鷹中等,A,13,,,,,,,,https://sites.google.com/view/youthleague-7/archives/2024/Scores/1st-division
第7地区,第7地区ユースリーグ,2024,1部,5,立川A,立川,A,12,,,,,,,,https://sites.google.com/view/youthleague-7/archives/2024/Scores/1st-division
第7地区,第7地区ユースリーグ,2024,1部,6,明大明治B,明大明治,B,12,,,,,,,,https://sites.google.com/view/youthleague-7/archives/2024/Scores/1st-division
第7地区,第7地区ユースリーグ,2024,1部,7,松ケ谷A,松ヶ谷,A,11,,,,,,,,https://sites.google.com/view/youthleague-7/archives/2024/Scores/1st-division
第7地区,第7地区ユースリーグ,2024,1部,8,翔陽,翔陽,A,9,,,,,,,,https://sites.google.com/view/youthleague-7/archives/2024/Scores/1st-division
第7地区,第7地区ユースリーグ,2024,1部,9,八王子,八王子,A,,,,,,,,,https://sites.google.com/view/youthleague-7/archives/2024/Scores/1st-division
第7地区,第7地区ユースリーグ,2024,1部,10,LSS MITAKA,LSSMITAK,A,,,,,,,,,https://sites.google.com/view/youthleague-7/archives/2024/Scores/1st-division
第7地区,第7地区ユースリーグ,2024,2部A,1,八王子東A,八王子東,A,20,,,,,,,,https://sites.google.com/view/youthleague-7/archives/2024/Scores/2nd-division-a
第7地区,第7地区ユースリーグ,2024,2部A,2,昭和第一学園B,昭和第一学園,B,17,,,,,,,,https://sites.google.com/view/youthleague-7/archives/2024/Scores/2nd-division-a
第7地区,第7地区ユースリーグ,2024,2部A,3,明中八王子B,明大八王子,B,17,,,,,,,,https://sites.google.com/view/youthleague-7/archives/2024/Scores/2nd-division-a
第7地区,第7地区ユースリーグ,2024,2部A,4,明星学園B,明星学園,B,16,,,,,,,,https://sites.google.com/view/youthleague-7/archives/2024/Scores/2nd-division-a
第7地区,第7地区ユースリーグ,2024,2部A,5,国立B,国立,B,10,,,,,,,,https://sites.google.com/view/youthleague-7/archives/2024/Scores/2nd-division-a
第7地区,第7地区ユースリーグ,2024,2部A,6,GA,GA,A,9,,,,,,,,https://sites.google.com/view/youthleague-7/archives/2024/Scores/2nd-division-a
第7地区,第7地区ユースリーグ,2024,2部A,7,調布北,調布北,A,8,,,,,,,,https://sites.google.com/view/youthleague-7/archives/2024/Scores/2nd-division-a
第7地区,第7地区ユースリーグ,2024,2部A,8,南平,南平,A,4,,,,,,,,https://sites.google.com/view/youthleague-7/archives/2024/Scores/2nd-division-a
第7地区,第7地区ユースリーグ,2024,2部A,9,明星,明星,A,0,,,,,,,,https://sites.google.com/view/youthleague-7/archives/2024/Scores/2nd-division-a
第7地区,第7地区ユースリーグ,2024,2部B,1,調布南,調布南,A,24,,,,,,,,https://sites.google.com/view/youthleague-7/archives/2024/Scores/2nd-division-b
第7地区,第7地区ユースリーグ,2024,2部B,2,永山,永山,A,14,,,,,,,,https://sites.google.com/view/youthleague-7/archives/2024/Scores/2nd-division-b
第7地区,第7地区ユースリーグ,2024,2部B,3,穎明館,穎明館,A,14,,,,,,,,https://sites.google.com/view/youthleague-7/archives/2024/Scores/2nd-division-b
第7地区,第7地区ユースリーグ,2024,2部B,4,法政大学,法政大高,A,13,,,,,,,,https://sites.google.com/view/youthleague-7/archives/2024/Scores/2nd-division-b
第7地区,第7地区ユースリーグ,2024,2部B,5,日野台B,日野台,B,10,,,,,,,,https://sites.google.com/view/youthleague-7/archives/2024/Scores/2nd-division-b
第7地区,第7地区ユースリーグ,2024,2部B,6,府中東セカンド,府中東セカンド,A,9,,,,,,,,https://sites.google.com/view/youthleague-7/archives/2024/Scores/2nd-division-b
第7地区,第7地区ユースリーグ,2024,2部B,7,松ケ谷B,松ヶ谷,B,8,,,,,,,,https://sites.google.com/view/youthleague-7/archives/2024/Scores/2nd-division-b
第7地区,第7地区ユースリーグ,2024,2部B,8,片倉B,片倉,B,7,,,,,,,,https://sites.google.com/view/youthleague-7/archives/2024/Scores/2nd-division-b
第7地区,第7地区ユースリーグ,2024,2部B,9,日野,日野,A,2,,,,,,,,https://sites.google.com/view/youthleague-7/archives/2024/Scores/2nd-division-b
第7地区,第7地区ユースリーグ,2024,3部A,1,富士森,富士森,A,19,,,,,,,,https://sites.google.com/view/youthleague-7/archives/2024/Scores/3rd-division-a
第7地区,第7地区ユースリーグ,2024,3部A,2,三鷹中等B,三鷹中等,B,12,,,,,,,,https://sites.google.com/view/youthleague-7/archives/2024/Scores/3rd-division-a
第7地区,第7地区ユースリーグ,2024,3部A,3,神代,神代,A,11,,,,,,,,https://sites.google.com/view/youthleague-7/archives/2024/Scores/3rd-division-a
第7地区,第7地区ユースリーグ,2024,3部A,4,八王子実践,八王子実践,A,11,,,,,,,,https://sites.google.com/view/youthleague-7/archives/2024/Scores/3rd-division-a
第7地区,第7地区ユースリーグ,2024,3部A,5,工学院,工学院,A,10,,,,,,,,https://sites.google.com/view/youthleague-7/archives/2024/Scores/3rd-division-a
第7地区,第7地区ユースリーグ,2024,3部A,6,昭和第一学園C,昭和第一学園,C,7,,,,,,,,https://sites.google.com/view/youthleague-7/archives/2024/Scores/3rd-division-a
第7地区,第7地区ユースリーグ,2024,3部A,7,府中西,府中西,A,6,,,,,,,,https://sites.google.com/view/youthleague-7/archives/2024/Scores/3rd-division-a
第7地区,第7地区ユースリーグ,2024,3部A,8,調布南B,調布南,B,3,,,,,,,,https://sites.google.com/view/youthleague-7/archives/2024/Scores/3rd-division-a
第7地区,第7地区ユースリーグ,2024,3部B,1,星槎国際八王子,星槎国際八王子,A,22,,,,,,,,https://sites.google.com/view/youthleague-7/archives/2024/Scores/3rd-division-b
第7地区,第7地区ユースリーグ,2024,3部B,2,八王子北,八王子北,A,18,,,,,,,,https://sites.google.com/view/youthleague-7/archives/2024/Scores/3rd-division-b
第7地区,第7地区ユースリーグ,2024,3部B,3,府中,府中,A,18,,,,,,,,https://sites.google.com/view/youthleague-7/archives/2024/Scores/3rd-division-b
第7地区,第7地区ユースリーグ,2024,3部B,4,法政大学B,法政大高,B,17,,,,,,,,https://sites.google.com/view/youthleague-7/archives/2024/Scores/3rd-division-b
第7地区,第7地区ユースリーグ,2024,3部B,5,明大明治C,明大明治,C,12,,,,,,,,https://sites.google.com/view/youthleague-7/archives/2024/Scores/3rd-division-b
第7地区,第7地区ユースリーグ,2024,3部B,6,立川B,立川,B,7,,,,,,,,https://sites.google.com/view/youthleague-7/archives/2024/Scores/3rd-division-b
第7地区,第7地区ユースリーグ,2024,3部B,7,立川国際,立川国際中等,A,7,,,,,,,,https://sites.google.com/view/youthleague-7/archives/2024/Scores/3rd-division-b
第7地区,第7地区ユースリーグ,2024,3部B,8,府中東サテライト,府中東サテライト,A,3,,,,,,,,https://sites.google.com/view/youthleague-7/archives/2024/Scores/3rd-division-b
第7地区,第7地区ユースリーグ,2024,3部B,9,府中工科,府中工科,A,1,,,,,,,,https://sites.google.com/view/youthleague-7/archives/2024/Scores/3rd-division-b
