年度,リーグ,ブロック,順位,チーム,学校,区分,勝点,試合,勝,敗,分,得点,失点,得失点,出典
2025,T1,,1,町田Y,町田Y,A,44,18,14,2,2,42,13,29,https://www.tleague-u18.com/rank.php?dy=2025&dt=1
2025,T1,,2,多摩大目黒,多摩大学目黒,A,32,18,10,6,2,21,20,1,https://www.tleague-u18.com/rank.php?dy=2025&dt=1
2025,T1,,3,大成,大成,A,29,18,8,5,5,26,20,6,https://www.tleague-u18.com/rank.php?dy=2025&dt=1
2025,T1,,4,堀越,堀越,A,27,18,8,7,3,35,31,4,https://www.tleague-u18.com/rank.php?dy=2025&dt=1
2025,T1,,5,FC東京B,FC東京,B,27,18,8,7,3,33,35,-2,https://www.tleague-u18.com/rank.php?dy=2025&dt=1
2025,T1,,6,実践学園,実践学園,A,26,18,8,8,2,27,23,4,https://www.tleague-u18.com/rank.php?dy=2025&dt=1
2025,T1,,7,国士舘,国士舘,A,26,18,8,8,2,25,27,-2,https://www.tleague-u18.com/rank.php?dy=2025&dt=1
2025,T1,,8,駒大,駒澤大高,A,21,18,7,11,0,21,27,-6,https://www.tleague-u18.com/rank.php?dy=2025&dt=1
2025,T1,,9,成立,成立学園,A,16,18,4,10,4,21,36,-15,https://www.tleague-u18.com/rank.php?dy=2025&dt=1
2025,T1,,10,東海大高輪台,東海大高輪台,A,9,18,2,13,3,15,34,-19,https://www.tleague-u18.com/rank.php?dy=2025&dt=1
2025,T2,,1,早稲田実業,早稲田実業,A,34,18,11,6,1,30,26,4,https://www.tleague-u18.com/rank.php?dy=2025&dt=2
2025,T2,,2,帝京B,帝京,B,30,18,8,4,6,46,27,19,https://www.tleague-u18.com/rank.php?dy=2025&dt=2
2025,T2,,3,東久留米,東久留米総合,A,30,18,9,6,3,17,14,3,https://www.tleague-u18.com/rank.php?dy=2025&dt=2
2025,T2,,4,関東第一,関東第一,A,29,18,9,7,2,34,19,15,https://www.tleague-u18.com/rank.php?dy=2025&dt=2
2025,T2,,5,修徳,修徳,A,27,18,8,7,3,36,33,3,https://www.tleague-u18.com/rank.php?dy=2025&dt=2
2025,T2,,6,養和SC・B,養和SC,B,27,18,8,7,3,29,27,2,https://www.tleague-u18.com/rank.php?dy=2025&dt=2
2025,T2,,7,日大三,日大三,A,26,18,8,8,2,26,32,-6,https://www.tleague-u18.com/rank.php?dy=2025&dt=2
2025,T2,,8,駒大B,駒澤大高,B,23,18,6,7,5,25,26,-1,https://www.tleague-u18.com/rank.php?dy=2025&dt=2
2025,T2,,9,横河武蔵野,横河武蔵野,A,17,18,4,9,5,23,32,-9,https://www.tleague-u18.com/rank.php?dy=2025&dt=2
2025,T2,,10,駿台学園,駿台学園,A,11,18,3,13,2,20,50,-30,https://www.tleague-u18.com/rank.php?dy=2025&dt=2
2025,T3,Aブロック,1,東京実業,東京実業,A,20,9,6,1,2,17,5,12,https://www.tleague-u18.com/rank.php?dy=2025&dt=3&ltno=5
2025,T3,Aブロック,2,町田Y・B,町田Y,B,20,9,6,1,2,17,7,10,https://www.tleague-u18.com/rank.php?dy=2025&dt=3&ltno=5
2025,T3,Aブロック,3,実践学園B,実践学園,B,16,9,5,3,1,21,12,9,https://www.tleague-u18.com/rank.php?dy=2025&dt=3&ltno=5
2025,T3,Aブロック,4,久我山B,国学院久我山,B,16,9,5,3,1,12,9,3,https://www.tleague-u18.com/rank.php?dy=2025&dt=3&ltno=5
2025,T3,Aブロック,5,石神井,石神井,A,14,9,4,3,2,18,13,5,https://www.tleague-u18.com/rank.php?dy=2025&dt=3&ltno=5
2025,T3,Aブロック,6,多摩大目黒B,多摩大学目黒,B,14,9,4,3,2,9,8,1,https://www.tleague-u18.com/rank.php?dy=2025&dt=3&ltno=5
2025,T3,Aブロック,7,横河武蔵野B,横河武蔵野,B,10,9,2,3,4,13,14,-1,https://www.tleague-u18.com/rank.php?dy=2025&dt=3&ltno=5
2025,T3,Aブロック,8,東海大菅生,東海大菅生,A,10,9,3,5,1,9,15,-6,https://www.tleague-u18.com/rank.php?dy=2025&dt=3&ltno=5
2025,T3,Aブロック,9,早大学院,早大学院,A,6,9,2,7,0,5,21,-16,https://www.tleague-u18.com/rank.php?dy=2025&dt=3&ltno=5
2025,T3,Aブロック,10,暁星,暁星,A,1,9,0,8,1,6,23,-17,https://www.tleague-u18.com/rank.php?dy=2025&dt=3&ltno=5
2025,T3,Bブロック,1,帝京C,帝京,C,25,9,8,0,1,30,7,23,https://www.tleague-u18.com/rank.php?dy=2025&dt=3&ltno=6
2025,T3,Bブロック,2,関東第一Ｂ,関東第一,B,21,9,6,0,3,15,6,9,https://www.tleague-u18.com/rank.php?dy=2025&dt=3&ltno=6
2025,T3,Bブロック,3,東京朝鮮,東京朝鮮,A,18,9,6,3,0,19,14,5,https://www.tleague-u18.com/rank.php?dy=2025&dt=3&ltno=6
2025,T3,Bブロック,4,創価,創価,A,15,9,5,4,0,18,10,8,https://www.tleague-u18.com/rank.php?dy=2025&dt=3&ltno=6
2025,T3,Bブロック,5,成立Ｂ,成立学園,B,12,9,3,3,3,16,12,4,https://www.tleague-u18.com/rank.php?dy=2025&dt=3&ltno=6
2025,T3,Bブロック,6,FC TRP,FCTRP,A,10,9,3,5,1,8,23,-15,https://www.tleague-u18.com/rank.php?dy=2025&dt=3&ltno=6
2025,T3,Bブロック,7,東京,東京,A,8,9,2,5,2,8,13,-5,https://www.tleague-u18.com/rank.php?dy=2025&dt=3&ltno=6
2025,T3,Bブロック,8,日大豊山,日大豊山,A,7,9,1,4,4,4,17,-13,https://www.tleague-u18.com/rank.php?dy=2025&dt=3&ltno=6
2025,T3,Bブロック,9,狛江,狛江,A,6,9,2,7,0,12,20,-8,https://www.tleague-u18.com/rank.php?dy=2025&dt=3&ltno=6
2025,T3,Bブロック,10,目白研心,目白研心,A,4,9,0,5,4,2,10,-8,https://www.tleague-u18.com/rank.php?dy=2025&dt=3&ltno=6
2025,T4,Aブロック,1,堀越B,堀越,B,22,9,7,1,1,35,12,23,https://www.tleague-u18.com/rank.php?dy=2025&dt=4&ltno=7
2025,T4,Aブロック,2,大森学園,大森学園,A,21,9,6,0,3,23,7,16,https://www.tleague-u18.com/rank.php?dy=2025&dt=4&ltno=7
2025,T4,Aブロック,3,大成B,大成,B,20,9,6,1,2,20,8,12,https://www.tleague-u18.com/rank.php?dy=2025&dt=4&ltno=7
2025,T4,Aブロック,4,久我山C,国学院久我山,C,14,9,4,3,2,11,16,-5,https://www.tleague-u18.com/rank.php?dy=2025&dt=4&ltno=7
2025,T4,Aブロック,5,駒大C,駒澤大高,C,11,9,3,4,2,16,13,3,https://www.tleague-u18.com/rank.php?dy=2025&dt=4&ltno=7
2025,T4,Aブロック,6,東京成徳,東京成徳大高,A,11,9,2,2,5,10,11,-1,https://www.tleague-u18.com/rank.php?dy=2025&dt=4&ltno=7
2025,T4,Aブロック,7,駒場,駒場,A,10,9,3,5,1,16,16,0,https://www.tleague-u18.com/rank.php?dy=2025&dt=4&ltno=7
2025,T4,Aブロック,8,東大和,東大和,A,6,9,1,5,3,7,18,-11,https://www.tleague-u18.com/rank.php?dy=2025&dt=4&ltno=7
2025,T4,Aブロック,9,明大世田谷,明大世田谷,A,6,9,1,5,3,10,27,-17,https://www.tleague-u18.com/rank.php?dy=2025&dt=4&ltno=7
2025,T4,Aブロック,10,葛飾野,葛飾野,A,3,9,1,8,0,6,26,-20,https://www.tleague-u18.com/rank.php?dy=2025&dt=4&ltno=7
2025,T4,Bブロック,1,東大和南,東大和南,A,24,9,8,1,0,29,4,25,https://www.tleague-u18.com/rank.php?dy=2025&dt=4&ltno=8
2025,T4,Bブロック,2,昭和第一学園,昭和第一学園,A,21,9,6,0,3,24,9,15,https://www.tleague-u18.com/rank.php?dy=2025&dt=4&ltno=8
2025,T4,Bブロック,3,東海大高輪台B,東海大高輪台,B,15,9,4,2,3,17,17,0,https://www.tleague-u18.com/rank.php?dy=2025&dt=4&ltno=8
2025,T4,Bブロック,4,明星学園,明星学園,A,14,9,4,3,2,15,11,4,https://www.tleague-u18.com/rank.php?dy=2025&dt=4&ltno=8
2025,T4,Bブロック,5,国士舘B,国士舘,B,14,9,4,3,2,13,9,4,https://www.tleague-u18.com/rank.php?dy=2025&dt=4&ltno=8
2025,T4,Bブロック,6,国分寺,国分寺,A,12,9,3,3,3,14,14,0,https://www.tleague-u18.com/rank.php?dy=2025&dt=4&ltno=8
2025,T4,Bブロック,7,保善,保善,A,9,9,2,4,3,15,20,-5,https://www.tleague-u18.com/rank.php?dy=2025&dt=4&ltno=8
2025,T4,Bブロック,8,修徳B,修徳,B,7,9,1,4,4,13,18,-5,https://www.tleague-u18.com/rank.php?dy=2025&dt=4&ltno=8
2025,T4,Bブロック,9,日大鶴ヶ丘,日大鶴ヶ丘,A,7,9,2,6,1,11,24,-13,https://www.tleague-u18.com/rank.php?dy=2025&dt=4&ltno=8
2025,T4,Bブロック,10,明大明治,明大明治,A,1,9,0,8,1,7,32,-25,https://www.tleague-u18.com/rank.php?dy=2025&dt=4&ltno=8
2025,T5,Aブロック,1,東京実業B,東京実業,B,23,9,7,0,2,23,6,17,https://www.tleague-u18.com/rank.php?dy=2025&dt=5&ltno=9
2025,T5,Aブロック,2,明法,明法,A,19,9,6,2,1,23,11,12,https://www.tleague-u18.com/rank.php?dy=2025&dt=5&ltno=9
2025,T5,Aブロック,3,本郷,本郷,A,19,9,6,2,1,16,12,4,https://www.tleague-u18.com/rank.php?dy=2025&dt=5&ltno=9
2025,T5,Aブロック,4,拓大一,拓大一,A,14,9,4,3,2,16,10,6,https://www.tleague-u18.com/rank.php?dy=2025&dt=5&ltno=9
2025,T5,Aブロック,5,駒大高D,駒澤大高,D,13,9,4,4,1,14,13,1,https://www.tleague-u18.com/rank.php?dy=2025&dt=5&ltno=9
2025,T5,Aブロック,6,保谷,保谷,A,13,9,4,4,1,12,14,-2,https://www.tleague-u18.com/rank.php?dy=2025&dt=5&ltno=9
2025,T5,Aブロック,7,国分寺B,国分寺,B,10,9,3,5,1,6,19,-13,https://www.tleague-u18.com/rank.php?dy=2025&dt=5&ltno=9
2025,T5,Aブロック,8,多摩大目黒C,多摩大学目黒,C,9,9,3,6,0,7,12,-5,https://www.tleague-u18.com/rank.php?dy=2025&dt=5&ltno=9
2025,T5,Aブロック,9,農大一,農大一,A,8,9,2,5,2,16,17,-1,https://www.tleague-u18.com/rank.php?dy=2025&dt=5&ltno=9
2025,T5,Aブロック,10,国士舘C,国士舘,C,1,9,0,8,1,4,23,-19,https://www.tleague-u18.com/rank.php?dy=2025&dt=5&ltno=9
2025,T5,Bブロック,1,東久留米B,東久留米総合,B,21,9,7,2,0,27,7,20,https://www.tleague-u18.com/rank.php?dy=2025&dt=5&ltno=10
2025,T5,Bブロック,2,成立C,成立学園,C,19,9,6,2,1,26,11,15,https://www.tleague-u18.com/rank.php?dy=2025&dt=5&ltno=10
2025,T5,Bブロック,3,実践C,実践学園,C,19,9,6,2,1,20,9,11,https://www.tleague-u18.com/rank.php?dy=2025&dt=5&ltno=10
2025,T5,Bブロック,4,日大豊山B,日大豊山,B,19,9,6,2,1,24,21,3,https://www.tleague-u18.com/rank.php?dy=2025&dt=5&ltno=10
2025,T5,Bブロック,5,学習院,学習院,A,12,9,4,5,0,14,20,-6,https://www.tleague-u18.com/rank.php?dy=2025&dt=5&ltno=10
2025,T5,Bブロック,6,明大中野,明大中野,A,11,9,3,4,2,10,17,-7,https://www.tleague-u18.com/rank.php?dy=2025&dt=5&ltno=10
2025,T5,Bブロック,7,日野台,日野台,A,10,9,3,5,1,16,16,0,https://www.tleague-u18.com/rank.php?dy=2025&dt=5&ltno=10
2025,T5,Bブロック,8,久我山D,国学院久我山,D,8,9,2,5,2,13,28,-15,https://www.tleague-u18.com/rank.php?dy=2025&dt=5&ltno=10
2025,T5,Bブロック,9,正則学園,正則学園,A,7,9,2,6,1,13,25,-12,https://www.tleague-u18.com/rank.php?dy=2025&dt=5&ltno=10
2025,T5,Bブロック,10,駒込,駒込,A,4,9,1,7,1,11,20,-9,https://www.tleague-u18.com/rank.php?dy=2025&dt=5&ltno=10
2025,T5,Cブロック,1,関東第一C,関東第一,C,22,9,7,1,1,33,5,28,https://www.tleague-u18.com/rank.php?dy=2025&dt=5&ltno=11
2025,T5,Cブロック,2,修徳C,修徳,C,16,9,5,3,1,13,10,3,https://www.tleague-u18.com/rank.php?dy=2025&dt=5&ltno=11
2025,T5,Cブロック,3,かえつ有明,かえつ有明,A,14,9,4,3,2,26,20,6,https://www.tleague-u18.com/rank.php?dy=2025&dt=5&ltno=11
2025,T5,Cブロック,4,青稜,青稜,A,14,9,4,3,2,11,14,-3,https://www.tleague-u18.com/rank.php?dy=2025&dt=5&ltno=11
2025,T5,Cブロック,5,大東文化第一,大東文化一,A,13,9,4,4,1,19,12,7,https://www.tleague-u18.com/rank.php?dy=2025&dt=5&ltno=11
2025,T5,Cブロック,6,城北,城北,A,13,9,4,4,1,15,13,2,https://www.tleague-u18.com/rank.php?dy=2025&dt=5&ltno=11
2025,T5,Cブロック,7,南葛飾,南葛飾,A,12,9,3,3,3,10,16,-6,https://www.tleague-u18.com/rank.php?dy=2025&dt=5&ltno=11
2025,T5,Cブロック,8,大森FC,大森FC,A,11,9,3,4,2,10,15,-5,https://www.tleague-u18.com/rank.php?dy=2025&dt=5&ltno=11
2025,T5,Cブロック,9,専大附,専修大附,A,7,9,2,6,1,8,21,-13,https://www.tleague-u18.com/rank.php?dy=2025&dt=5&ltno=11
2025,T5,Cブロック,10,豊島学院,豊島学院,A,5,9,1,6,2,5,24,-19,https://www.tleague-u18.com/rank.php?dy=2025&dt=5&ltno=11
2025,T5,Dブロック,1,東海大高輪台C,東海大高輪台,C,25,9,8,0,1,38,7,31,https://www.tleague-u18.com/rank.php?dy=2025&dt=5&ltno=12
2025,T5,Dブロック,2,日体大荏原,日体大荏原,A,20,9,6,1,2,25,7,18,https://www.tleague-u18.com/rank.php?dy=2025&dt=5&ltno=12
2025,T5,Dブロック,3,明大八王子,明大八王子,A,14,9,4,3,2,15,12,3,https://www.tleague-u18.com/rank.php?dy=2025&dt=5&ltno=12
2025,T5,Dブロック,4,武蔵,武蔵,A,14,9,4,3,2,11,11,0,https://www.tleague-u18.com/rank.php?dy=2025&dt=5&ltno=12
2025,T5,Dブロック,5,城東,城東,A,11,9,3,4,2,12,15,-3,https://www.tleague-u18.com/rank.php?dy=2025&dt=5&ltno=12
2025,T5,Dブロック,6,東,東,A,10,9,2,3,4,10,14,-4,https://www.tleague-u18.com/rank.php?dy=2025&dt=5&ltno=12
2025,T5,Dブロック,7,大森学園B,大森学園,B,9,9,2,4,3,9,8,1,https://www.tleague-u18.com/rank.php?dy=2025&dt=5&ltno=12
2025,T5,Dブロック,8,国立,国立,A,9,9,2,4,3,10,14,-4,https://www.tleague-u18.com/rank.php?dy=2025&dt=5&ltno=12
2025,T5,Dブロック,9,片倉,片倉,A,9,9,2,4,3,14,20,-6,https://www.tleague-u18.com/rank.php?dy=2025&dt=5&ltno=12
2025,T5,Dブロック,10,Raiz Chofu,RaizChofu,A,2,9,0,7,2,6,42,-36,https://www.tleague-u18.com/rank.php?dy=2025&dt=5&ltno=12
2026,T1,,1,三菱養和,三菱養和,A,27,10,9,1,0,22,5,17,https://www.tleague-u18.com/rank.php?dy=2026&dt=1
2026,T1,,2,実践学園,実践学園,A,19,10,6,3,1,14,5,9,https://www.tleague-u18.com/rank.php?dy=2026&dt=1
2026,T1,,3,堀越,堀越,A,19,10,5,1,4,18,11,7,https://www.tleague-u18.com/rank.php?dy=2026&dt=1
2026,T1,,4,大成,大成,A,14,11,3,3,5,12,13,-1,https://www.tleague-u18.com/rank.php?dy=2026&dt=1
2026,T1,,5,久我山,国学院久我山,A,14,9,4,3,2,9,10,-1,https://www.tleague-u18.com/rank.php?dy=2026&dt=1
2026,T1,,6,多摩大目黒,多摩大学目黒,A,13,11,3,4,4,7,8,-1,https://www.tleague-u18.com/rank.php?dy=2026&dt=1
2026,T1,,7,国士舘,国士舘,A,12,9,3,3,3,8,8,0,https://www.tleague-u18.com/rank.php?dy=2026&dt=1
2026,T1,,8,FC東京B,FC東京,B,9,10,2,5,3,15,21,-6,https://www.tleague-u18.com/rank.php?dy=2026&dt=1
2026,T1,,9,早稲田実業,早稲田実業,A,6,10,2,8,0,7,18,-11,https://www.tleague-u18.com/rank.php?dy=2026&dt=1
2026,T1,,10,帝京B,帝京,B,5,10,1,7,2,10,23,-13,https://www.tleague-u18.com/rank.php?dy=2026&dt=1
2026,T2,,1,成立,成立学園,A,22,10,6,0,4,18,8,10,https://www.tleague-u18.com/rank.php?dy=2026&dt=2
2026,T2,,2,東海大高輪台,東海大高輪台,A,17,9,5,2,2,16,10,6,https://www.tleague-u18.com/rank.php?dy=2026&dt=2
2026,T2,,3,修徳,修徳,A,17,11,5,4,2,20,15,5,https://www.tleague-u18.com/rank.php?dy=2026&dt=2
2026,T2,,4,東京実業,東京実業,A,15,9,4,2,3,11,6,5,https://www.tleague-u18.com/rank.php?dy=2026&dt=2
2026,T2,,5,関東第一,関東第一,A,15,10,4,3,3,10,7,3,https://www.tleague-u18.com/rank.php?dy=2026&dt=2
2026,T2,,6,日大三,日大三,A,14,11,4,5,2,15,16,-1,https://www.tleague-u18.com/rank.php?dy=2026&dt=2
2026,T2,,7,駒大,駒澤大高,A,13,10,3,3,4,14,10,4,https://www.tleague-u18.com/rank.php?dy=2026&dt=2
2026,T2,,8,帝京C,帝京,C,13,11,3,4,4,19,21,-2,https://www.tleague-u18.com/rank.php?dy=2026&dt=2
2026,T2,,9,東久留米,東久留米総合,A,8,11,2,7,2,10,28,-18,https://www.tleague-u18.com/rank.php?dy=2026&dt=2
2026,T2,,10,養和SC・B,養和SC,B,4,10,0,6,4,12,24,-12,https://www.tleague-u18.com/rank.php?dy=2026&dt=2
2026,T3,Aブロック,1,町田Y・B,町田Y,B,21,7,7,0,0,17,6,11,https://www.tleague-u18.com/rank.php?dy=2026&dt=3&ltno=18
2026,T3,Aブロック,2,駒大B,駒澤大高,B,16,7,5,1,1,16,8,8,https://www.tleague-u18.com/rank.php?dy=2026&dt=3&ltno=18
2026,T3,Aブロック,3,関東第一Ｂ,関東第一,B,13,7,4,2,1,21,14,7,https://www.tleague-u18.com/rank.php?dy=2026&dt=3&ltno=18
2026,T3,Aブロック,4,日大豊山,日大豊山,A,12,6,4,2,0,16,12,4,https://www.tleague-u18.com/rank.php?dy=2026&dt=3&ltno=18
2026,T3,Aブロック,5,久我山B,国学院久我山,B,7,6,2,3,1,12,11,1,https://www.tleague-u18.com/rank.php?dy=2026&dt=3&ltno=18
2026,T3,Aブロック,6,創価,創価,A,6,7,1,3,3,5,11,-6,https://www.tleague-u18.com/rank.php?dy=2026&dt=3&ltno=18
2026,T3,Aブロック,7,狛江,狛江,A,5,6,1,3,2,5,7,-2,https://www.tleague-u18.com/rank.php?dy=2026&dt=3&ltno=18
2026,T3,Aブロック,8,FC TRP,FCTRP,A,5,6,1,3,2,8,13,-5,https://www.tleague-u18.com/rank.php?dy=2026&dt=3&ltno=18
2026,T3,Aブロック,9,昭和第一学園,昭和第一学園,A,4,6,1,4,1,8,19,-11,https://www.tleague-u18.com/rank.php?dy=2026&dt=3&ltno=18
2026,T3,Aブロック,10,多摩大目黒B,多摩大学目黒,B,1,6,0,5,1,5,12,-7,https://www.tleague-u18.com/rank.php?dy=2026&dt=3&ltno=18
2026,T3,Bブロック,1,横河武蔵野,横河武蔵野,A,13,6,4,1,1,15,5,10,https://www.tleague-u18.com/rank.php?dy=2026&dt=3&ltno=19
2026,T3,Bブロック,2,堀越B,堀越,B,13,7,4,2,1,9,7,2,https://www.tleague-u18.com/rank.php?dy=2026&dt=3&ltno=19
2026,T3,Bブロック,3,実践学園B,実践学園,B,11,6,3,1,2,15,8,7,https://www.tleague-u18.com/rank.php?dy=2026&dt=3&ltno=19
2026,T3,Bブロック,4,東京朝鮮,東京朝鮮,A,11,6,3,1,2,11,11,0,https://www.tleague-u18.com/rank.php?dy=2026&dt=3&ltno=19
2026,T3,Bブロック,5,駿台学園,駿台学園,A,10,6,3,2,1,11,10,1,https://www.tleague-u18.com/rank.php?dy=2026&dt=3&ltno=19
2026,T3,Bブロック,6,石神井,石神井,A,7,6,2,3,1,10,13,-3,https://www.tleague-u18.com/rank.php?dy=2026&dt=3&ltno=19
2026,T3,Bブロック,7,東大和南,東大和南,A,7,7,2,4,1,7,15,-8,https://www.tleague-u18.com/rank.php?dy=2026&dt=3&ltno=19
2026,T3,Bブロック,8,東海大菅生,東海大菅生,A,6,6,1,2,3,9,11,-2,https://www.tleague-u18.com/rank.php?dy=2026&dt=3&ltno=19
2026,T3,Bブロック,9,東京,東京,A,6,7,1,3,3,3,9,-6,https://www.tleague-u18.com/rank.php?dy=2026&dt=3&ltno=19
2026,T3,Bブロック,10,成立Ｂ,成立学園,B,4,7,1,5,1,12,13,-1,https://www.tleague-u18.com/rank.php?dy=2026&dt=3&ltno=19
2026,T4,Aブロック,1,日体大荏原,日体大荏原,A,18,7,6,1,0,12,10,2,https://www.tleague-u18.com/rank.php?dy=2026&dt=4&ltno=20
2026,T4,Aブロック,2,明星学園,明星学園,A,17,7,5,0,2,19,6,13,https://www.tleague-u18.com/rank.php?dy=2026&dt=4&ltno=20
2026,T4,Aブロック,3,東京実業B,東京実業,B,12,7,4,3,0,15,11,4,https://www.tleague-u18.com/rank.php?dy=2026&dt=4&ltno=20
2026,T4,Aブロック,4,大森学園,大森学園,A,12,7,4,3,0,12,8,4,https://www.tleague-u18.com/rank.php?dy=2026&dt=4&ltno=20
2026,T4,Aブロック,5,国分寺,国分寺,A,11,7,3,2,2,20,13,7,https://www.tleague-u18.com/rank.php?dy=2026&dt=4&ltno=20
2026,T4,Aブロック,6,東京成徳,東京成徳大高,A,11,7,3,2,2,15,13,2,https://www.tleague-u18.com/rank.php?dy=2026&dt=4&ltno=20
2026,T4,Aブロック,7,横河武蔵野B,横河武蔵野,B,7,7,2,4,1,10,13,-3,https://www.tleague-u18.com/rank.php?dy=2026&dt=4&ltno=20
2026,T4,Aブロック,8,久我山C,国学院久我山,C,6,7,2,5,0,8,17,-9,https://www.tleague-u18.com/rank.php?dy=2026&dt=4&ltno=20
2026,T4,Aブロック,9,東大和,東大和,A,4,7,1,5,1,10,20,-10,https://www.tleague-u18.com/rank.php?dy=2026&dt=4&ltno=20
2026,T4,Aブロック,10,暁星,暁星,A,3,7,1,6,0,9,19,-10,https://www.tleague-u18.com/rank.php?dy=2026&dt=4&ltno=20
2026,T4,Bブロック,1,大成B,大成,B,19,7,6,0,1,15,4,11,https://www.tleague-u18.com/rank.php?dy=2026&dt=4&ltno=21
2026,T4,Bブロック,2,保善,保善,A,15,7,5,2,0,10,6,4,https://www.tleague-u18.com/rank.php?dy=2026&dt=4&ltno=21
2026,T4,Bブロック,3,国士舘B,国士舘,B,14,7,4,1,2,12,4,8,https://www.tleague-u18.com/rank.php?dy=2026&dt=4&ltno=21
2026,T4,Bブロック,4,駒大C,駒澤大高,C,13,6,4,1,1,13,5,8,https://www.tleague-u18.com/rank.php?dy=2026&dt=4&ltno=21
2026,T4,Bブロック,5,目白研心,目白研心,A,10,8,3,3,2,9,11,-2,https://www.tleague-u18.com/rank.php?dy=2026&dt=4&ltno=21
2026,T4,Bブロック,6,東海大高輪台B,東海大高輪台,B,9,7,3,4,0,13,13,0,https://www.tleague-u18.com/rank.php?dy=2026&dt=4&ltno=21
2026,T4,Bブロック,7,関東第一C,関東第一,C,6,6,2,4,0,6,10,-4,https://www.tleague-u18.com/rank.php?dy=2026&dt=4&ltno=21
2026,T4,Bブロック,8,駒場,駒場,A,5,7,1,4,2,9,14,-5,https://www.tleague-u18.com/rank.php?dy=2026&dt=4&ltno=21
2026,T4,Bブロック,9,東久留米B,東久留米総合,B,4,7,1,5,1,7,18,-11,https://www.tleague-u18.com/rank.php?dy=2026&dt=4&ltno=21
2026,T4,Bブロック,10,早大学院,早大学院,A,2,8,0,5,3,3,12,-9,https://www.tleague-u18.com/rank.php?dy=2026&dt=4&ltno=21
2026,T5,Aブロック,1,明法,明法,A,15,6,5,1,0,18,9,9,https://www.tleague-u18.com/rank.php?dy=2026&dt=5&ltno=22
2026,T5,Aブロック,2,修徳B,修徳,B,15,6,5,1,0,14,7,7,https://www.tleague-u18.com/rank.php?dy=2026&dt=5&ltno=22
2026,T5,Aブロック,3,アローレU18,アローレU18,A,14,6,4,0,2,21,5,16,https://www.tleague-u18.com/rank.php?dy=2026&dt=5&ltno=22
2026,T5,Aブロック,4,実践C,実践学園,C,13,6,4,1,1,18,10,8,https://www.tleague-u18.com/rank.php?dy=2026&dt=5&ltno=22
2026,T5,Aブロック,5,駒場東邦,駒場東邦,A,9,6,2,1,3,15,12,3,https://www.tleague-u18.com/rank.php?dy=2026&dt=5&ltno=22
2026,T5,Aブロック,6,青稜,青稜,A,8,6,2,2,2,9,15,-6,https://www.tleague-u18.com/rank.php?dy=2026&dt=5&ltno=22
2026,T5,Aブロック,7,大東文化第一,大東文化一,A,6,6,2,4,0,10,14,-4,https://www.tleague-u18.com/rank.php?dy=2026&dt=5&ltno=22
2026,T5,Aブロック,8,南葛飾,南葛飾,A,4,6,1,4,1,11,13,-2,https://www.tleague-u18.com/rank.php?dy=2026&dt=5&ltno=22
2026,T5,Aブロック,9,久我山D,国学院久我山,D,3,7,1,6,0,5,26,-21,https://www.tleague-u18.com/rank.php?dy=2026&dt=5&ltno=22
2026,T5,Aブロック,10,東,東,A,1,7,0,6,1,4,14,-10,https://www.tleague-u18.com/rank.php?dy=2026&dt=5&ltno=22
2026,T5,Bブロック,1,駒大高D,駒澤大高,D,16,6,5,0,1,17,5,12,https://www.tleague-u18.com/rank.php?dy=2026&dt=5&ltno=23
2026,T5,Bブロック,2,日大鶴ヶ丘,日大鶴ヶ丘,A,14,7,4,1,2,23,8,15,https://www.tleague-u18.com/rank.php?dy=2026&dt=5&ltno=23
2026,T5,Bブロック,3,多摩大目黒C,多摩大学目黒,C,14,7,4,1,2,10,8,2,https://www.tleague-u18.com/rank.php?dy=2026&dt=5&ltno=23
2026,T5,Bブロック,4,成立C,成立学園,C,11,7,3,2,2,8,6,2,https://www.tleague-u18.com/rank.php?dy=2026&dt=5&ltno=23
2026,T5,Bブロック,5,南葛Y,南葛Y,A,9,7,3,4,0,23,17,6,https://www.tleague-u18.com/rank.php?dy=2026&dt=5&ltno=23
2026,T5,Bブロック,6,都・豊島,豊島,A,7,6,2,3,1,9,12,-3,https://www.tleague-u18.com/rank.php?dy=2026&dt=5&ltno=23
2026,T5,Bブロック,7,武蔵,武蔵,A,7,7,2,4,1,10,26,-16,https://www.tleague-u18.com/rank.php?dy=2026&dt=5&ltno=23
2026,T5,Bブロック,8,明大中野,明大中野,A,6,7,1,3,3,10,18,-8,https://www.tleague-u18.com/rank.php?dy=2026&dt=5&ltno=23
2026,T5,Bブロック,9,本郷,本郷,A,5,6,1,3,2,8,11,-3,https://www.tleague-u18.com/rank.php?dy=2026&dt=5&ltno=23
2026,T5,Bブロック,10,日野台,日野台,A,3,6,1,5,0,7,14,-7,https://www.tleague-u18.com/rank.php?dy=2026&dt=5&ltno=23
2026,T5,Cブロック,1,拓大一,拓大一,A,14,7,4,1,2,11,6,5,https://www.tleague-u18.com/rank.php?dy=2026&dt=5&ltno=24
2026,T5,Cブロック,2,国分寺B,国分寺,B,14,7,4,1,2,14,11,3,https://www.tleague-u18.com/rank.php?dy=2026&dt=5&ltno=24
2026,T5,Cブロック,3,国立,国立,A,11,6,3,1,2,12,10,2,https://www.tleague-u18.com/rank.php?dy=2026&dt=5&ltno=24
2026,T5,Cブロック,4,かえつ有明,かえつ有明,A,10,6,3,2,1,10,7,3,https://www.tleague-u18.com/rank.php?dy=2026&dt=5&ltno=24
2026,T5,Cブロック,5,明大世田谷,明大世田谷,A,10,7,3,3,1,6,7,-1,https://www.tleague-u18.com/rank.php?dy=2026&dt=5&ltno=24
2026,T5,Cブロック,6,攻玉社,攻玉社,A,9,7,2,2,3,12,13,-1,https://www.tleague-u18.com/rank.php?dy=2026&dt=5&ltno=24
2026,T5,Cブロック,7,東海大高輪台C,東海大高輪台,C,7,6,1,1,4,8,8,0,https://www.tleague-u18.com/rank.php?dy=2026&dt=5&ltno=24
2026,T5,Cブロック,8,保谷,保谷,A,7,7,2,4,1,6,9,-3,https://www.tleague-u18.com/rank.php?dy=2026&dt=5&ltno=24
2026,T5,Cブロック,9,杉並ソシオ,杉並ソシオ,A,2,5,0,3,2,6,9,-3,https://www.tleague-u18.com/rank.php?dy=2026&dt=5&ltno=24
2026,T5,Cブロック,10,学習院,学習院,A,2,6,0,4,2,2,7,-5,https://www.tleague-u18.com/rank.php?dy=2026&dt=5&ltno=24
2026,T5,Dブロック,1,駿台学園B,駿台学園,B,15,6,5,1,0,19,9,10,https://www.tleague-u18.com/rank.php?dy=2026&dt=5&ltno=25
2026,T5,Dブロック,2,大森学園B,大森学園,B,13,6,4,1,1,18,10,8,https://www.tleague-u18.com/rank.php?dy=2026&dt=5&ltno=25
2026,T5,Dブロック,3,日大豊山B,日大豊山,B,12,7,4,3,0,11,11,0,https://www.tleague-u18.com/rank.php?dy=2026&dt=5&ltno=25
2026,T5,Dブロック,4,城東,城東,A,12,6,4,2,0,9,13,-4,https://www.tleague-u18.com/rank.php?dy=2026&dt=5&ltno=25
2026,T5,Dブロック,5,城北,城北,A,11,6,3,1,2,11,4,7,https://www.tleague-u18.com/rank.php?dy=2026&dt=5&ltno=25
2026,T5,Dブロック,6,明大八王子,明大八王子,A,9,6,3,3,0,20,15,5,https://www.tleague-u18.com/rank.php?dy=2026&dt=5&ltno=25
2026,T5,Dブロック,7,葛飾野,葛飾野,A,5,6,1,3,2,10,11,-1,https://www.tleague-u18.com/rank.php?dy=2026&dt=5&ltno=25
2026,T5,Dブロック,8,東久留米C,東久留米総合,C,3,6,0,3,3,5,9,-4,https://www.tleague-u18.com/rank.php?dy=2026&dt=5&ltno=25
2026,T5,Dブロック,9,明大明治,明大明治,A,3,7,0,4,3,5,15,-10,https://www.tleague-u18.com/rank.php?dy=2026&dt=5&ltno=25
2026,T5,Dブロック,10,大森FC,大森FC,A,3,6,0,3,3,8,19,-11,https://www.tleague-u18.com/rank.php?dy=2026&dt=5&ltno=25
