年度,リーグ,順位,チーム,学校,勝点,試合,勝,敗,分,得点,失点,出典
2014,T1,1,実践学園,実践学園,41,18,12,1,5,40,15,https://koko-soccer.com/score/2
2014,T1,2,駒澤大学高等学校,駒澤大高,38,18,11,2,5,54,19,https://koko-soccer.com/score/2
2014,T1,3,帝京,帝京,35,18,10,3,5,35,22,https://koko-soccer.com/score/2
2014,T1,4,横河武蔵野ＦＣユース,横河武蔵野FCユース,27,18,8,7,3,47,42,https://koko-soccer.com/score/2
2014,T1,5,成立学園,成立学園,23,18,7,9,2,36,33,https://koko-soccer.com/score/2
2014,T1,6,関東一,関東第一,23,18,6,7,5,24,22,https://koko-soccer.com/score/2
2014,T1,7,東京朝鮮中高級学校,東京朝鮮中高級学校,22,18,6,8,4,28,36,https://koko-soccer.com/score/2
2014,T1,8,ＦＣトリプレッタユース,FCトリプレッタユース,18,18,5,10,3,28,52,https://koko-soccer.com/score/2
2014,T1,9,堀越,堀越,15,18,4,11,3,27,58,https://koko-soccer.com/score/2
2014,T1,10,都立三鷹,三鷹,10,18,3,14,1,24,44,https://koko-soccer.com/score/2
2014,T2,1,都立東久留米総合,東久留米総合,45,18,14,1,3,51,18,https://koko-soccer.com/score/3
2014,T2,2,多摩大目黒,多摩大学目黒,44,18,14,2,2,46,17,https://koko-soccer.com/score/3
2014,T2,3,駿台学園,駿台学園,33,18,10,5,3,33,23,https://koko-soccer.com/score/3
2014,T2,4,都立駒場,駒場,26,18,7,6,5,29,28,https://koko-soccer.com/score/3
2014,T2,5,大成,大成,23,18,7,9,2,36,39,https://koko-soccer.com/score/3
2014,T2,6,東海大高輪台,東海大高輪台,23,18,7,9,2,22,37,https://koko-soccer.com/score/3
2014,T2,7,東京実,東京実,20,18,6,10,2,25,37,https://koko-soccer.com/score/3
2014,T2,8,国士舘,国士舘,19,18,5,9,4,24,32,https://koko-soccer.com/score/3
2014,T2,9,修徳,修徳,13,18,4,13,1,26,43,https://koko-soccer.com/score/3
2014,T2,10,日本学園,日本学園,10,18,2,12,4,26,44,https://koko-soccer.com/score/3
2015,T1,1,関東一,関東第一,42,18,13,2,3,35,11,https://koko-soccer.com/score/40
2015,T1,2,都立東久留米総合,東久留米総合,36,18,12,6,0,41,20,https://koko-soccer.com/score/40
2015,T1,3,横河武蔵野ＦＣユース,横河武蔵野FCユース,35,18,11,5,2,54,38,https://koko-soccer.com/score/40
2015,T1,4,國學院久我山,国学院久我山,32,18,9,4,5,44,25,https://koko-soccer.com/score/40
2015,T1,5,帝京,帝京,31,18,9,5,4,33,23,https://koko-soccer.com/score/40
2015,T1,6,駒澤大学高等学校,駒澤大高,30,18,9,6,3,42,21,https://koko-soccer.com/score/40
2015,T1,7,実践学園,実践学園,25,18,8,9,1,34,34,https://koko-soccer.com/score/40
2015,T1,8,成立学園,成立学園,19,18,5,9,4,25,31,https://koko-soccer.com/score/40
2015,T1,9,駿台学園,駿台学園,8,18,2,14,2,15,43,https://koko-soccer.com/score/40
2015,T1,10,多摩大目黒,多摩大学目黒,0,18,0,18,0,9,86,https://koko-soccer.com/score/40
2015,T2,1,東京実業,東京実業,42,18,13,2,3,46,12,https://koko-soccer.com/score/41
2015,T2,2,FC東京U-18(B),FC東京U-18,34,18,11,6,1,50,22,https://koko-soccer.com/score/41
2015,T2,3,ＦＣトリプレッタユース,FCトリプレッタユース,34,18,11,6,1,38,33,https://koko-soccer.com/score/41
2015,T2,4,東海大高輪台,東海大高輪台,27,18,8,7,3,33,24,https://koko-soccer.com/score/41
2015,T2,5,国士舘,国士舘,27,18,8,7,3,31,27,https://koko-soccer.com/score/41
2015,T2,6,大成,大成,25,18,7,7,4,37,28,https://koko-soccer.com/score/41
2015,T2,7,堀越,堀越,25,18,8,9,1,35,43,https://koko-soccer.com/score/41
2015,T2,8,東京朝鮮中高級学校,東京朝鮮中高級学校,24,18,7,8,3,38,33,https://koko-soccer.com/score/41
2015,T2,9,都立駒場,駒場,20,18,5,8,5,26,36,https://koko-soccer.com/score/41
2015,T2,10,都立三鷹中等教育学校,三鷹中等教育学校,0,18,0,18,0,8,84,https://koko-soccer.com/score/41
2016,T1,1,成立学園,成立学園,36,18,11,4,3,38,21,https://koko-soccer.com/score/322
2016,T1,2,國學院久我山,国学院久我山,36,18,11,4,3,42,30,https://koko-soccer.com/score/322
2016,T1,3,駒澤大学高等学校,駒澤大高,34,18,10,4,4,41,21,https://koko-soccer.com/score/322
2016,T1,4,関東一,関東第一,33,18,9,3,6,26,12,https://koko-soccer.com/score/322
2016,T1,5,FC東京U-18(B),FC東京U-18,31,18,9,5,4,36,22,https://koko-soccer.com/score/322
2016,T1,6,実践学園,実践学園,20,18,5,8,5,25,35,https://koko-soccer.com/score/322
2016,T1,7,帝京,帝京,19,18,5,9,4,23,30,https://koko-soccer.com/score/322
2016,T1,8,東京武蔵野シティFCU-18,東京武蔵野シティFCU-18,18,18,5,10,3,19,30,https://koko-soccer.com/score/322
2016,T1,9,都立東久留米総合,東久留米総合,18,18,4,8,6,20,33,https://koko-soccer.com/score/322
2016,T1,10,東京実業,東京実業,4,18,0,14,4,13,49,https://koko-soccer.com/score/322
2016,T2,1,國學院久我山（B）,国学院久我山,39,18,13,5,0,48,24,https://koko-soccer.com/score/323
2016,T2,2,東京朝鮮中高級学校,東京朝鮮中高級学校,39,18,12,3,3,34,15,https://koko-soccer.com/score/323
2016,T2,3,FCトリプレッタユース,FCトリプレッタユース,32,18,10,6,2,39,29,https://koko-soccer.com/score/323
2016,T2,4,大成,大成,29,18,9,7,2,36,29,https://koko-soccer.com/score/323
2016,T2,5,堀越,堀越,28,18,9,8,1,44,33,https://koko-soccer.com/score/323
2016,T2,6,国士舘,国士舘,27,18,7,5,6,30,27,https://koko-soccer.com/score/323
2016,T2,7,東海大高輪台,東海大高輪台,21,18,6,9,3,17,21,https://koko-soccer.com/score/323
2016,T2,8,暁星高等学校,暁星,15,18,4,11,3,20,46,https://koko-soccer.com/score/323
2016,T2,9,駿台学園,駿台学園,13,18,3,11,4,14,28,https://koko-soccer.com/score/323
2016,T2,10,多摩大目黒,多摩大学目黒,12,18,2,10,6,17,47,https://koko-soccer.com/score/323
2016,T3,1,実践学園（B）,実践学園,23,9,7,0,2,19,9,https://koko-soccer.com/score/341
2016,T3,2,早稲田実業,早稲田実業,21,9,7,2,0,22,6,https://koko-soccer.com/score/341
2016,T3,3,修徳,修徳,16,9,5,3,1,21,12,https://koko-soccer.com/score/341
2016,T3,4,日本学園,日本学園,12,9,3,3,3,18,10,https://koko-soccer.com/score/341
2016,T3,5,日大三,日大三,12,9,4,5,0,17,20,https://koko-soccer.com/score/341
2016,T3,6,かえつ有明,かえつ有明,11,9,3,4,2,11,14,https://koko-soccer.com/score/341
2016,T3,7,東京成徳大高,東京成徳大高,9,9,2,4,3,13,24,https://koko-soccer.com/score/341
2016,T3,8,大東大一,大東大一,8,9,2,5,2,14,23,https://koko-soccer.com/score/341
2016,T3,9,東農大一,農大一,8,9,2,5,2,5,24,https://koko-soccer.com/score/341
2016,T3,10,都立駒場,駒場,6,9,1,5,3,18,16,https://koko-soccer.com/score/341
2016,T3,1,駒澤大学高等学校（B）,駒澤大高,22,9,7,1,1,27,12,https://koko-soccer.com/score/342
2016,T3,2,ＦＣ町田ゼルビアユース,FC町田ゼルビアユース,21,9,6,0,3,26,8,https://koko-soccer.com/score/342
2016,T3,3,三菱養和SCユース（B）,三菱養和SCユース,20,9,6,1,2,33,4,https://koko-soccer.com/score/342
2016,T3,4,東京,東京,17,9,5,2,2,17,22,https://koko-soccer.com/score/342
2016,T3,5,東海大菅生,東海大菅生,11,9,3,4,2,13,11,https://koko-soccer.com/score/342
2016,T3,6,武蔵,武蔵,10,9,3,5,1,14,25,https://koko-soccer.com/score/342
2016,T3,7,保善,保善,9,9,2,4,3,18,15,https://koko-soccer.com/score/342
2016,T3,8,杉並FCユース,杉並FCユース,7,9,2,6,1,11,26,https://koko-soccer.com/score/342
2016,T3,9,都立東大和南,東大和南,6,9,2,7,0,11,24,https://koko-soccer.com/score/342
2016,T3,10,都立三鷹中等教育学校,三鷹中等教育学校,4,9,1,7,1,7,30,https://koko-soccer.com/score/342
2016,T4,1,東京武蔵野シティFCU-18（B）,東京武蔵野シティFCU-18,16,7,5,1,1,25,12,https://koko-soccer.com/score/345
2016,T4,2,都立石神井,石神井,16,7,5,1,1,21,17,https://koko-soccer.com/score/345
2016,T4,3,國學院久我山（C）,国学院久我山,15,7,5,2,0,17,9,https://koko-soccer.com/score/345
2016,T4,4,正則学園,正則学園,13,7,4,2,1,21,12,https://koko-soccer.com/score/345
2016,T4,5,駒澤大学高等学校（C）,駒澤大高,8,7,2,3,2,8,11,https://koko-soccer.com/score/345
2016,T4,6,都立野津田,野津田,6,7,2,5,0,9,24,https://koko-soccer.com/score/345
2016,T4,7,実践学園（C）,実践学園,4,7,1,5,1,9,17,https://koko-soccer.com/score/345
2016,T4,8,本郷,本郷,2,7,0,5,2,6,14,https://koko-soccer.com/score/345
2016,T4,1,都立国分寺,国分寺,13,7,4,2,1,14,6,https://koko-soccer.com/score/346
2016,T4,2,関東一（B）,関東第一,13,7,4,2,1,12,8,https://koko-soccer.com/score/346
2016,T4,3,日大豊山,日大豊山,12,7,4,3,0,16,17,https://koko-soccer.com/score/346
2016,T4,4,都立日野台,日野台,11,7,3,2,2,12,9,https://koko-soccer.com/score/346
2016,T4,5,創価,創価,11,7,3,2,2,12,11,https://koko-soccer.com/score/346
2016,T4,6,桐朋,桐朋,10,7,3,3,1,9,13,https://koko-soccer.com/score/346
2016,T4,7,都立東久留米総合（B）,東久留米総合,6,7,2,5,0,7,11,https://koko-soccer.com/score/346
2016,T4,8,都立豊島,豊島,4,7,1,5,1,9,16,https://koko-soccer.com/score/346
2017,T1,1,実践学園,実践学園,42,18,13,2,3,41,15,https://koko-soccer.com/score/658
2017,T1,2,國學院久我山,国学院久我山,40,18,13,4,1,38,16,https://koko-soccer.com/score/658
2017,T1,3,成立学園,成立学園,34,18,11,6,1,36,21,https://koko-soccer.com/score/658
2017,T1,4,FC東京U-18(B),FC東京U-18,30,18,9,6,3,36,24,https://koko-soccer.com/score/658
2017,T1,5,関東一,関東第一,26,18,8,8,2,27,24,https://koko-soccer.com/score/658
2017,T1,6,帝京,帝京,23,18,6,7,5,21,26,https://koko-soccer.com/score/658
2017,T1,7,東京武蔵野シティFCU-18,東京武蔵野シティFCU-18,22,18,7,10,1,25,31,https://koko-soccer.com/score/658
2017,T1,8,駒澤大学高等学校,駒澤大高,21,18,5,7,6,17,24,https://koko-soccer.com/score/658
2017,T1,9,東京朝鮮中高級学校,東京朝鮮中高級学校,10,18,3,14,1,10,34,https://koko-soccer.com/score/658
2017,T1,10,FCトリプレッタユース,FCトリプレッタユース,10,18,3,14,1,16,52,https://koko-soccer.com/score/658
2017,T2,1,都立東久留米総合,東久留米総合,43,18,14,3,1,51,14,https://koko-soccer.com/score/659
2017,T2,2,国士舘,国士舘,31,18,9,5,4,30,21,https://koko-soccer.com/score/659
2017,T2,3,國學院久我山（B）,国学院久我山,30,18,10,8,0,38,28,https://koko-soccer.com/score/659
2017,T2,4,東京実業,東京実業,27,18,8,7,3,29,32,https://koko-soccer.com/score/659
2017,T2,5,駒澤大学高等学校（B）,駒澤大高,26,18,8,8,2,18,31,https://koko-soccer.com/score/659
2017,T2,6,大成,大成,23,18,6,7,5,17,26,https://koko-soccer.com/score/659
2017,T2,7,堀越,堀越,22,18,6,8,4,25,32,https://koko-soccer.com/score/659
2017,T2,8,実践学園（B）,実践学園,21,18,6,9,3,27,28,https://koko-soccer.com/score/659
2017,T2,9,東海大高輪台,東海大高輪台,21,18,6,9,3,22,27,https://koko-soccer.com/score/659
2017,T2,10,暁星高等学校,暁星,12,18,3,12,3,19,37,https://koko-soccer.com/score/659
2017,T3,1,早稲田実業,早稲田実業,23,9,7,0,2,29,7,https://koko-soccer.com/score/676
2017,T3,2,日本学園,日本学園,21,9,7,2,0,19,7,https://koko-soccer.com/score/676
2017,T3,3,三菱養和SCユース（B）,三菱養和SCユース,19,9,6,2,1,24,7,https://koko-soccer.com/score/676
2017,T3,4,東海大菅生,東海大菅生,15,9,4,2,3,25,13,https://koko-soccer.com/score/676
2017,T3,5,駿台学園,駿台学園,13,9,4,4,1,18,13,https://koko-soccer.com/score/676
2017,T3,6,保善,保善,11,9,3,4,2,18,20,https://koko-soccer.com/score/676
2017,T3,7,東農大一,農大一,9,9,3,6,0,13,25,https://koko-soccer.com/score/676
2017,T3,8,杉並FCユース,杉並FCユース,7,9,2,6,1,8,22,https://koko-soccer.com/score/676
2017,T3,9,関東一（B）,関東第一,6,9,2,7,0,9,21,https://koko-soccer.com/score/676
2017,T3,10,武蔵,武蔵,6,9,2,7,0,6,34,https://koko-soccer.com/score/676
2017,T3,1,FC町田ゼルビアユース,FC町田ゼルビアユース,27,9,9,0,0,27,6,https://koko-soccer.com/score/677
2017,T3,2,多摩大目黒,多摩大学目黒,22,9,7,1,1,20,9,https://koko-soccer.com/score/677
2017,T3,3,都立国分寺,国分寺,12,9,3,3,3,14,12,https://koko-soccer.com/score/677
2017,T3,4,東京成徳大高,東京成徳大高,12,9,3,3,3,21,25,https://koko-soccer.com/score/677
2017,T3,5,修徳,修徳,12,9,4,5,0,13,17,https://koko-soccer.com/score/677
2017,T3,6,東京武蔵野シティFCU-18（B）,東京武蔵野シティFCU-18,10,9,3,5,1,15,21,https://koko-soccer.com/score/677
2017,T3,7,東京,東京,10,9,3,5,1,13,20,https://koko-soccer.com/score/677
2017,T3,8,かえつ有明,かえつ有明,8,9,2,5,2,17,19,https://koko-soccer.com/score/677
2017,T3,9,日大三,日大三,8,9,2,5,2,13,21,https://koko-soccer.com/score/677
2017,T3,10,大東大一,大東大一,7,9,2,6,1,17,20,https://koko-soccer.com/score/677
2017,T4,1,都立日野台,日野台,19,7,6,0,1,17,9,https://koko-soccer.com/score/678
2017,T4,2,実践学園（C）,実践学園,13,7,4,2,1,14,5,https://koko-soccer.com/score/678
2017,T4,3,日大豊山,日大豊山,12,7,4,3,0,12,7,https://koko-soccer.com/score/678
2017,T4,4,都立石神井,石神井,12,7,3,1,3,10,10,https://koko-soccer.com/score/678
2017,T4,5,駒澤大学高等学校（C）,駒澤大高,11,7,3,2,2,15,10,https://koko-soccer.com/score/678
2017,T4,6,東海大高輪台（B),東海大高輪台,7,7,2,4,1,9,8,https://koko-soccer.com/score/678
2017,T4,7,都立東大和南,東大和南,6,7,2,5,0,8,16,https://koko-soccer.com/score/678
2017,T4,8,桐朋,桐朋,0,7,0,7,0,4,24,https://koko-soccer.com/score/678
2017,T4,1,成立学園（B),成立学園,16,7,5,1,1,27,10,https://koko-soccer.com/score/679
2017,T4,2,都立駒場,駒場,15,7,5,2,0,20,9,https://koko-soccer.com/score/679
2017,T4,3,都立東久留米総合（B）,東久留米総合,15,7,5,2,0,18,8,https://koko-soccer.com/score/679
2017,T4,4,國學院久我山（C）,国学院久我山,13,7,4,2,1,17,12,https://koko-soccer.com/score/679
2017,T4,5,正則学園,正則学園,10,7,3,3,1,14,18,https://koko-soccer.com/score/679
2017,T4,6,創価,創価,7,7,2,4,1,12,18,https://koko-soccer.com/score/679
2017,T4,7,都立野津田,野津田,5,7,1,4,2,11,17,https://koko-soccer.com/score/679
2017,T4,8,都立三鷹中等教育学校,三鷹中等教育学校,0,7,0,7,0,4,31,https://koko-soccer.com/score/679
2018,T4,1,日大豊山,日大豊山,19,7,6,0,1,30,3,https://koko-soccer.com/score/1046
2018,T4,2,FC町田ゼルビアユース（B）,FC町田ゼルビアユース,14,7,4,1,2,16,17,https://koko-soccer.com/score/1046
2018,T4,3,大東大一,大東大一,10,7,3,3,1,10,14,https://koko-soccer.com/score/1046
2018,T4,4,東海大高輪台（B),東海大高輪台,9,7,3,4,0,16,17,https://koko-soccer.com/score/1046
2018,T4,5,都立府中東,府中東,8,6,2,2,2,16,13,https://koko-soccer.com/score/1046
2018,T4,6,國學院久我山（C）,国学院久我山,8,7,2,3,2,16,16,https://koko-soccer.com/score/1046
2018,T4,7,正則学園,正則学園,8,7,2,3,2,15,22,https://koko-soccer.com/score/1046
2018,T4,8,武蔵,武蔵,3,7,1,6,0,13,29,https://koko-soccer.com/score/1046
2018,T4,9,都立府中,府中,0,1,0,1,0,0,1,https://koko-soccer.com/score/1046
2018,T4,1,駒澤大学高等学校（C）,駒澤大高,14,7,4,1,2,16,9,https://koko-soccer.com/score/1045
2018,T4,2,日大三,日大三,12,7,4,3,0,15,14,https://koko-soccer.com/score/1045
2018,T4,3,創価,創価,11,7,3,2,2,16,9,https://koko-soccer.com/score/1045
2018,T4,4,都立東久留米総合（B）,東久留米総合,11,7,3,2,2,15,14,https://koko-soccer.com/score/1045
2018,T4,5,都立葛飾野,葛飾野,9,7,2,2,3,8,7,https://koko-soccer.com/score/1045
2018,T4,6,都立駒場,駒場,9,7,2,2,3,10,10,https://koko-soccer.com/score/1045
2018,T4,7,都立石神井,石神井,6,7,2,5,0,10,17,https://koko-soccer.com/score/1045
2018,T4,8,都立東大和南,東大和南,6,7,2,5,0,12,22,https://koko-soccer.com/score/1045
2018,T3,1,修徳,修徳,27,9,9,0,0,36,9,https://koko-soccer.com/score/1044
2018,T3,2,多摩大目黒,多摩大学目黒,16,9,5,3,1,21,8,https://koko-soccer.com/score/1044
2018,T3,3,東京武蔵野シティFCU-18（B）,東京武蔵野シティFCU-18,16,9,5,3,1,23,16,https://koko-soccer.com/score/1044
2018,T3,4,暁星高等学校,暁星,15,9,5,4,0,22,22,https://koko-soccer.com/score/1044
2018,T3,5,都立国分寺,国分寺,14,9,4,3,2,17,18,https://koko-soccer.com/score/1044
2018,T3,6,成立学園（B),成立学園,12,9,4,5,0,23,14,https://koko-soccer.com/score/1044
2018,T3,7,東京成徳大高,東京成徳大高,12,9,4,5,0,16,20,https://koko-soccer.com/score/1044
2018,T3,8,かえつ有明,かえつ有明,11,9,3,4,2,15,25,https://koko-soccer.com/score/1044
2018,T3,9,東京,東京,8,9,2,5,2,11,25,https://koko-soccer.com/score/1044
2018,T3,10,都立日野台,日野台,0,9,0,9,0,8,35,https://koko-soccer.com/score/1044
2018,T3,1,三菱養和SCユース（B）,三菱養和SCユース,23,9,7,0,2,22,4,https://koko-soccer.com/score/1043
2018,T3,2,駿台学園,駿台学園,22,9,7,1,1,33,6,https://koko-soccer.com/score/1043
2018,T3,3,東海大高輪台,東海大高輪台,16,9,5,3,1,24,9,https://koko-soccer.com/score/1043
2018,T3,4,関東一（B）,関東第一,15,9,5,4,0,18,8,https://koko-soccer.com/score/1043
2018,T3,5,東農大一,農大一,14,9,4,3,2,14,14,https://koko-soccer.com/score/1043
2018,T3,6,東海大菅生,東海大菅生,10,9,3,5,1,14,15,https://koko-soccer.com/score/1043
2018,T3,7,実践学園（C）,実践学園,10,9,3,5,1,17,21,https://koko-soccer.com/score/1043
2018,T3,8,保善,保善,9,9,2,4,3,13,25,https://koko-soccer.com/score/1043
2018,T3,9,日本学園,日本学園,8,9,1,3,5,10,16,https://koko-soccer.com/score/1043
2018,T3,10,杉並FCユース,杉並FCユース,0,9,0,9,0,4,51,https://koko-soccer.com/score/1043
2018,T2,1,FC町田ゼルビアユース,FC町田ゼルビアユース,38,18,11,2,5,37,18,https://koko-soccer.com/score/1033
2018,T2,2,駒澤大学高等学校（B）,駒澤大高,30,18,9,6,3,35,24,https://koko-soccer.com/score/1033
2018,T2,3,東京朝鮮中高級学校,東京朝鮮中高級学校,29,18,8,5,5,32,23,https://koko-soccer.com/score/1033
2018,T2,4,東京実業,東京実業,28,18,8,6,4,40,37,https://koko-soccer.com/score/1033
2018,T2,5,早稲田実業,早稲田実業,28,18,9,8,1,26,23,https://koko-soccer.com/score/1033
2018,T2,6,FCトリプレッタユース,FCトリプレッタユース,25,18,7,7,4,35,32,https://koko-soccer.com/score/1033
2018,T2,7,國學院久我山（B）,国学院久我山,24,18,7,8,3,34,33,https://koko-soccer.com/score/1033
2018,T2,8,堀越,堀越,23,18,7,9,2,33,47,https://koko-soccer.com/score/1033
2018,T2,9,大成,大成,18,18,4,8,6,18,27,https://koko-soccer.com/score/1033
2018,T2,10,実践学園（B）,実践学園,8,18,1,12,5,13,39,https://koko-soccer.com/score/1033
2018,T1,1,帝京,帝京,32,18,10,6,2,27,28,https://koko-soccer.com/score/1031
2018,T1,2,成立学園,成立学園,31,18,10,7,1,33,24,https://koko-soccer.com/score/1031
2018,T1,3,FC東京U-18(B),FC東京U-18,30,18,9,6,3,23,20,https://koko-soccer.com/score/1031
2018,T1,4,國學院久我山,国学院久我山,27,18,8,7,3,25,20,https://koko-soccer.com/score/1031
2018,T1,5,関東一,関東第一,27,18,8,7,3,17,12,https://koko-soccer.com/score/1031
2018,T1,6,実践学園,実践学園,25,18,8,9,1,27,26,https://koko-soccer.com/score/1031
2018,T1,7,東京武蔵野シティFCU-18,東京武蔵野シティFCU-18,24,18,7,8,3,25,24,https://koko-soccer.com/score/1031
2018,T1,8,駒澤大学高等学校,駒澤大高,22,18,5,6,7,17,17,https://koko-soccer.com/score/1031
2018,T1,9,都立東久留米総合,東久留米総合,21,18,6,9,3,22,30,https://koko-soccer.com/score/1031
2018,T1,10,国士舘,国士舘,16,18,4,10,4,18,33,https://koko-soccer.com/score/1031
2019,T4,1,町田ゼルビアユース（B）,町田ゼルビアユース,17,7,5,0,2,15,7,https://koko-soccer.com/score/1458
2019,T4,2,國學院久我山（C）,国学院久我山,16,7,5,1,1,33,11,https://koko-soccer.com/score/1458
2019,T4,3,東海大高輪台（B),東海大高輪台,14,7,4,1,2,33,6,https://koko-soccer.com/score/1458
2019,T4,4,駒澤大学高等学校（D）,駒澤大高,10,7,3,3,1,17,14,https://koko-soccer.com/score/1458
2019,T4,5,大森学園,大森学園,10,7,3,3,1,12,21,https://koko-soccer.com/score/1458
2019,T4,6,都立東久留米総合（B）,東久留米総合,7,7,2,4,1,10,14,https://koko-soccer.com/score/1458
2019,T4,7,都立駒場,駒場,3,7,1,6,0,12,20,https://koko-soccer.com/score/1458
2019,T4,8,杉並FCユース,杉並FCユース,3,7,1,6,0,6,45,https://koko-soccer.com/score/1458
2019,T4,1,実践学園（C）,実践学園,18,7,6,1,0,23,6,https://koko-soccer.com/score/1457
2019,T4,2,都立石神井,石神井,18,7,6,1,0,17,7,https://koko-soccer.com/score/1457
2019,T4,3,創価,創価,15,7,5,2,0,23,12,https://koko-soccer.com/score/1457
2019,T4,4,都立府中東,府中東,12,7,4,3,0,25,21,https://koko-soccer.com/score/1457
2019,T4,5,都立東大和南,東大和南,9,7,3,4,0,19,19,https://koko-soccer.com/score/1457
2019,T4,6,都立狛江,狛江,6,7,2,5,0,9,17,https://koko-soccer.com/score/1457
2019,T4,7,都立葛飾野,葛飾野,6,7,2,5,0,14,23,https://koko-soccer.com/score/1457
2019,T4,8,大東大一,大東大一,0,7,0,7,0,6,31,https://koko-soccer.com/score/1457
2019,T3,1,多摩大目黒,多摩大学目黒,23,9,7,0,2,26,8,https://koko-soccer.com/score/1456
2019,T3,2,日大豊山,日大豊山,18,9,5,1,3,18,8,https://koko-soccer.com/score/1456
2019,T3,3,暁星高等学校,暁星,16,9,5,3,1,15,11,https://koko-soccer.com/score/1456
2019,T3,4,かえつ有明,かえつ有明,12,9,3,3,3,15,16,https://koko-soccer.com/score/1456
2019,T3,5,東海大菅生,東海大菅生,12,9,3,3,3,13,14,https://koko-soccer.com/score/1456
2019,T3,6,関東一（B）,関東第一,11,9,3,4,2,17,18,https://koko-soccer.com/score/1456
2019,T3,7,成立学園（B),成立学園,10,9,3,5,1,18,17,https://koko-soccer.com/score/1456
2019,T3,8,駿台学園,駿台学園,10,9,3,5,1,23,27,https://koko-soccer.com/score/1456
2019,T3,9,駒澤大学高等学校（C）,駒澤大高,10,9,3,5,1,17,25,https://koko-soccer.com/score/1456
2019,T3,10,日本学園,日本学園,4,9,1,7,1,8,26,https://koko-soccer.com/score/1456
2019,T3,1,東海大高輪台,東海大高輪台,25,9,8,0,1,41,7,https://koko-soccer.com/score/1455
2019,T3,2,都立国分寺,国分寺,21,9,6,0,3,17,6,https://koko-soccer.com/score/1455
2019,T3,3,保善,保善,16,8,5,2,1,23,6,https://koko-soccer.com/score/1455
2019,T3,4,日大三,日大三,15,9,5,4,0,25,25,https://koko-soccer.com/score/1455
2019,T3,5,都立日野台,日野台,13,9,4,4,1,18,24,https://koko-soccer.com/score/1455
2019,T3,6,東京成徳大高,東京成徳大高,12,9,4,5,0,10,17,https://koko-soccer.com/score/1455
2019,T3,7,実践学園（B）,実践学園,11,8,3,3,2,17,14,https://koko-soccer.com/score/1455
2019,T3,8,東京武蔵野シティFCU-18（B）,東京武蔵野シティFCU-18,10,9,3,5,1,9,16,https://koko-soccer.com/score/1455
2019,T3,9,東京,東京,4,9,1,7,1,7,24,https://koko-soccer.com/score/1455
2019,T3,10,東農大一,農大一,0,9,0,9,0,5,33,https://koko-soccer.com/score/1455
2019,T2,1,堀越,堀越,41,18,13,3,2,47,17,https://koko-soccer.com/score/1453
2019,T2,2,大成,大成,34,18,10,4,4,31,20,https://koko-soccer.com/score/1453
2019,T2,3,修徳,修徳,30,18,9,6,3,33,24,https://koko-soccer.com/score/1453
2019,T2,4,國學院久我山（B）,国学院久我山,27,18,8,7,3,35,37,https://koko-soccer.com/score/1453
2019,T2,5,駒澤大学高等学校（B）,駒澤大高,26,18,8,8,2,25,26,https://koko-soccer.com/score/1453
2019,T2,6,国士舘,国士舘,23,18,6,7,5,28,26,https://koko-soccer.com/score/1453
2019,T2,7,早稲田実業,早稲田実業,22,18,5,6,7,17,19,https://koko-soccer.com/score/1453
2019,T2,8,三菱養和SCユース（B）,三菱養和SCユース,20,18,6,10,2,28,32,https://koko-soccer.com/score/1453
2019,T2,9,東京実業,東京実業,20,18,6,10,2,30,37,https://koko-soccer.com/score/1453
2019,T2,10,FCトリプレッタユース,FCトリプレッタユース,11,18,3,13,2,16,52,https://koko-soccer.com/score/1453
2019,T1,1,國學院久我山,国学院久我山,37,18,11,3,4,44,21,https://koko-soccer.com/score/1452
2019,T1,2,FC町田ゼルビアユース,FC町田ゼルビアユース,36,18,11,4,3,30,21,https://koko-soccer.com/score/1452
2019,T1,3,駒澤大学高等学校,駒澤大高,34,18,10,4,4,36,11,https://koko-soccer.com/score/1452
2019,T1,4,FC東京U-18(B),FC東京U-18,28,18,8,6,4,27,29,https://koko-soccer.com/score/1452
2019,T1,5,実践学園,実践学園,27,18,8,7,3,37,30,https://koko-soccer.com/score/1452
2019,T1,6,成立学園,成立学園,27,18,8,7,3,32,27,https://koko-soccer.com/score/1452
2019,T1,7,関東一,関東第一,23,18,7,9,2,24,26,https://koko-soccer.com/score/1452
2019,T1,8,東京武蔵野シティFCU-18,東京武蔵野シティFCU-18,22,18,6,8,4,23,29,https://koko-soccer.com/score/1452
2019,T1,9,都立東久留米総合,東久留米総合,12,18,3,12,3,15,51,https://koko-soccer.com/score/1452
2019,T1,10,東京朝鮮中高級学校,東京朝鮮中高級学校,8,18,2,14,2,15,38,https://koko-soccer.com/score/1452
2020,T1,1,成立学園,成立学園,18,9,6,3,0,24,15,https://koko-soccer.com/score/1920
2020,T1,2,堀越,堀越,18,9,6,3,0,19,11,https://koko-soccer.com/score/1920
2020,T1,3,関東一,関東第一,18,9,5,1,3,17,10,https://koko-soccer.com/score/1920
2020,T1,4,東京武蔵野シティFCU-18,東京武蔵野シティFCU-18,17,9,5,2,2,13,12,https://koko-soccer.com/score/1920
2020,T1,5,駒澤大学高等学校,駒澤大高,15,9,4,2,3,15,12,https://koko-soccer.com/score/1920
2020,T1,6,実践学園,実践学園,13,9,4,4,1,21,18,https://koko-soccer.com/score/1920
2020,T1,7,FC東京U-18(B),FC東京U-18,10,9,3,5,1,13,20,https://koko-soccer.com/score/1920
2020,T1,8,FC町田ゼルビアユース,FC町田ゼルビアユース,8,8,2,4,2,14,12,https://koko-soccer.com/score/1920
2020,T1,9,國學院久我山,国学院久我山,5,9,1,6,2,8,20,https://koko-soccer.com/score/1920
2020,T1,10,大成,大成,2,8,0,6,2,6,20,https://koko-soccer.com/score/1920
2020,T2,1,修徳,修徳,19,9,5,0,4,21,8,https://koko-soccer.com/score/1921
2020,T2,2,東海大高輪台,東海大高輪台,18,9,5,1,3,16,6,https://koko-soccer.com/score/1921
2020,T2,3,多摩大目黒,多摩大学目黒,17,9,5,2,2,20,12,https://koko-soccer.com/score/1921
2020,T2,4,東京朝鮮中高級学校,東京朝鮮中高級学校,17,9,5,2,2,18,13,https://koko-soccer.com/score/1921
2020,T2,5,早稲田実業,早稲田実業,15,9,4,2,3,10,10,https://koko-soccer.com/score/1921
2020,T2,6,三菱養和SCユース（B）,三菱養和SCユース,14,9,4,3,2,18,9,https://koko-soccer.com/score/1921
2020,T2,7,都立東久留米総合,東久留米総合,7,9,2,6,1,12,19,https://koko-soccer.com/score/1921
2020,T2,8,国士舘,国士舘,7,9,2,6,1,10,23,https://koko-soccer.com/score/1921
2020,T2,9,駒澤大学高等学校（B）,駒澤大高,6,9,2,7,0,9,18,https://koko-soccer.com/score/1921
2020,T2,10,國學院久我山（B）,国学院久我山,6,9,2,7,0,14,30,https://koko-soccer.com/score/1921
